target_set,horizon,task,model,MAE,Spearman_r,DirAcc,Accuracy
raw,7d,regression,1_historical_mean,0.03165509330252752,,0.5141466580142764,
raw,7d,regression,2_naive_momentum,0.063144914524149,-0.056803927529144614,0.4792342634652823,
raw,7d,regression,3_ridge_regression,0.03218127650760392,-0.018793237894205027,0.4963659961064244,
raw,7d,regression,4_random_forest,0.03340775092468757,-0.0434276641502879,0.49493835171966255,
raw,7d,regression,5_gradient_boosting,0.036138085796874546,0.02693016873412924,0.5020765736534718,
raw,7d,classification,1_majority_class,,,,0.5025957170668397
raw,7d,classification,3_logistic_regression,,,,0.5119402985074627
raw,7d,classification,4_random_forest,,,,0.5005191434133679
raw,7d,classification,5_gradient_boosting,,,,0.509214795587281
raw,30d,regression,1_historical_mean,0.06466832046812396,,0.545619727449708,
raw,30d,regression,2_naive_momentum,0.08705286118790982,-0.08233494891000495,0.47605451005840366,
raw,30d,regression,3_ridge_regression,0.06501354096409656,0.0892058435606096,0.5321868916288125,
raw,30d,regression,4_random_forest,0.06625761218468092,0.1483249370145157,0.5615184944841012,
raw,30d,regression,5_gradient_boosting,0.082445756388632,0.14766258642410246,0.5534717715768981,
raw,30d,classification,1_majority_class,,,,0.5070084360804672
raw,30d,classification,3_logistic_regression,,,,0.5227774172615185
raw,30d,classification,4_random_forest,,,,0.5047371836469825
raw,30d,classification,5_gradient_boosting,,,,0.5017521090201168
raw,60d,regression,1_historical_mean,0.0910540657587991,,0.5572355613238157,
raw,60d,regression,2_naive_momentum,0.10899402177465668,-0.11745903388522783,0.46690460739779366,
raw,60d,regression,3_ridge_regression,0.09022651286208866,0.06662700021275568,0.5513303049967554,
raw,60d,regression,4_random_forest,0.09303524230833862,0.03967728275400405,0.5652822842310188,
raw,60d,regression,5_gradient_boosting,0.10905899498742913,0.13631945563507203,0.5619078520441272,
raw,60d,classification,1_majority_class,,,,0.5123945489941596
raw,60d,classification,3_logistic_regression,,,,0.5268007787151201
raw,60d,classification,4_random_forest,,,,0.5109669046073978
raw,60d,classification,5_gradient_boosting,,,,0.5195976638546398
raw,90d,regression,1_historical_mean,0.10667777563701289,,0.5885788449059053,
raw,90d,regression,2_naive_momentum,0.12352455676495423,-0.12913187055135308,0.46696950032446466,
raw,90d,regression,3_ridge_regression,0.10497658719558245,0.13585832035609047,0.6177806619078521,
raw,90d,regression,4_random_forest,0.11659415292965525,-0.025818031377136372,0.5699545749513303,
raw,90d,regression,5_gradient_boosting,0.13705417475096562,0.07900183468512094,0.5673588578844906,
raw,90d,classification,1_majority_class,,,,0.5155094094743673
raw,90d,classification,3_logistic_regression,,,,0.48507462686567165
raw,90d,classification,4_random_forest,,,,0.4953926022063595
raw,90d,classification,5_gradient_boosting,,,,0.5106424399740428
vol_adj,7d,regression,1_historical_mean,0.8611162041419334,,0.5141466580142764,
vol_adj,7d,regression,3_ridge_regression,0.8701610756177636,-0.035840018643959276,0.5021414665801428,
vol_adj,7d,regression,4_random_forest,0.9092091237932795,0.011976272088514695,0.5027255029201817,
vol_adj,7d,regression,5_gradient_boosting,0.97427219050888,0.021264423052161672,0.5029850746268657,
vol_adj,7d,classification,1_majority_class,,,,0.512338092086603
vol_adj,7d,classification,3_logistic_regression,,,,0.5176325990356434
vol_adj,7d,classification,4_random_forest,,,,0.5143235321924932
vol_adj,7d,classification,5_gradient_boosting,,,,0.5200907629762692
vol_adj,30d,regression,1_historical_mean,0.8612949339670481,,0.545619727449708,
vol_adj,30d,regression,3_ridge_regression,0.8671402297743721,0.08405544958015969,0.545879299156392,
vol_adj,30d,regression,4_random_forest,0.8745680560160634,0.1872304430802777,0.5752757949383517,
vol_adj,30d,regression,5_gradient_boosting,1.0360857778044053,0.1490099668251274,0.5489941596365996,
vol_adj,30d,classification,1_majority_class,,,,0.5075858145268348
vol_adj,30d,classification,3_logistic_regression,,,,0.5209558126303812
vol_adj,30d,classification,4_random_forest,,,,0.5178266641380618
vol_adj,30d,classification,5_gradient_boosting,,,,0.5106201403375688
vol_adj,60d,regression,1_historical_mean,0.8720945186847641,,0.5572355613238157,
vol_adj,60d,regression,3_ridge_regression,0.8759946478804649,0.04282937227706115,0.5600908500973394,
vol_adj,60d,regression,4_random_forest,0.8715195454318887,0.1368073564856751,0.54574951330305,
vol_adj,60d,regression,5_gradient_boosting,1.0416849968468735,0.12200629571130722,0.5540558079169371,
vol_adj,60d,classification,1_majority_class,,,,0.5053455517373043
vol_adj,60d,classification,3_logistic_regression,,,,0.5364642993508973
vol_adj,60d,classification,4_random_forest,,,,0.5360824742268041
vol_adj,60d,classification,5_gradient_boosting,,,,0.5403780068728522
vol_adj,90d,regression,1_historical_mean,0.8377304002762321,,0.5885788449059053,
vol_adj,90d,regression,3_ridge_regression,0.8398189945403254,0.10798920107979511,0.5903309539260221,
vol_adj,90d,regression,4_random_forest,0.9134042954287039,-0.010697377700841374,0.5890330953926022,
vol_adj,90d,regression,5_gradient_boosting,1.0294099932251635,0.07032297235276613,0.5794289422452953,
vol_adj,90d,classification,1_majority_class,,,,0.5036566589684373
vol_adj,90d,classification,3_logistic_regression,,,,0.4986528098537336
vol_adj,90d,classification,4_random_forest,,,,0.5132794457274826
vol_adj,90d,classification,5_gradient_boosting,,,,0.5431100846805235
rank,7d,regression,1_historical_mean,0.24970376570625086,,0.4979883192731992,
rank,7d,regression,3_ridge_regression,0.24954610599867708,0.04572339876905598,0.5038935756002596,
rank,7d,regression,4_random_forest,0.25054302445389826,0.02307246722222786,0.4989617131732641,
rank,7d,regression,5_gradient_boosting,0.25337457519794593,0.02791775712447181,0.5057105775470474,
rank,7d,classification,1_majority_class,,,,0.55489941596366
rank,7d,classification,3_logistic_regression,,,,0.5518494484101233
rank,7d,classification,4_random_forest,,,,0.5494484101232966
rank,7d,classification,5_gradient_boosting,,,,0.5199870214146658
rank,30d,regression,1_historical_mean,0.2503605944059872,,0.4962362102530824,
rank,30d,regression,3_ridge_regression,0.2492798929816378,0.09361835827817624,0.5118105126541207,
rank,30d,regression,4_random_forest,0.2567026762255622,0.03466794363550228,0.5149902660609994,
rank,30d,regression,5_gradient_boosting,0.2598978530035703,0.043668366993590654,0.5064243997404283,
rank,30d,classification,1_majority_class,,,,0.5565217391304348
rank,30d,classification,3_logistic_regression,,,,0.5561972744970798
rank,30d,classification,4_random_forest,,,,0.5464633354964309
rank,30d,classification,5_gradient_boosting,,,,0.508955223880597
rank,60d,regression,1_historical_mean,0.2502911003743455,0.0,0.4947436729396496,
rank,60d,regression,3_ridge_regression,0.24929816063610685,0.09061163349347216,0.5203114860480208,
rank,60d,regression,4_random_forest,0.25660784833312433,0.04956800491121868,0.5399091499026606,
rank,60d,regression,5_gradient_boosting,0.25899219927143524,0.10781541373503033,0.5157040882543803,
rank,60d,classification,1_majority_class,,,,0.5576898118105127
rank,60d,classification,3_logistic_regression,,,,0.5565866320571058
rank,60d,classification,4_random_forest,,,,0.5341985723556132
rank,60d,classification,5_gradient_boosting,,,,0.5230369889682025
rank,90d,regression,1_historical_mean,0.2505824308437312,,0.4954574951330305,
rank,90d,regression,3_ridge_regression,0.2513534095810968,0.019088404450429985,0.49487345879299155,
rank,90d,regression,4_random_forest,0.24934099979300925,0.10872931581499018,0.5389357560025957,
rank,90d,regression,5_gradient_boosting,0.26371908414832373,0.11400451173229686,0.5247242050616483,
rank,90d,classification,1_majority_class,,,,0.5528877352368592
rank,90d,classification,3_logistic_regression,,,,0.5447761194029851
rank,90d,classification,4_random_forest,,,,0.5205710577547047
rank,90d,classification,5_gradient_boosting,,,,0.5077871512005191
