Symbol,FiscalYearEnd,known_date,source
ADANIPORTS,Mar 2015,2015-05-02,nse_actual
ADANIPORTS,Mar 2016,2016-05-03,nse_actual
ADANIPORTS,Mar 2017,2017-05-25,nse_actual
ADANIPORTS,Mar 2018,2018-05-03,nse_actual
ADANIPORTS,Mar 2019,2019-05-27,nse_actual
ADANIPORTS,Mar 2020,2020-05-05,nse_actual
ADANIPORTS,Mar 2021,2021-05-04,nse_actual
ADANIPORTS,Mar 2022,2022-05-25,nse_actual
ADANIPORTS,Mar 2023,2023-05-30,nse_actual
ADANIPORTS,Mar 2024,2024-05-02,nse_actual
ADANIPORTS,Mar 2025,2025-05-30,approximation_fallback
ADANIPORTS,Mar 2026,2026-04-30,nse_actual
ASIANPAINT,Mar 2015,2015-05-18,nse_actual
ASIANPAINT,Mar 2016,2016-05-11,nse_actual
ASIANPAINT,Mar 2017,2017-05-12,nse_actual
ASIANPAINT,Mar 2018,2018-05-10,nse_actual
ASIANPAINT,Mar 2019,2019-05-09,nse_actual
ASIANPAINT,Mar 2020,2020-06-23,nse_actual
ASIANPAINT,Mar 2021,2021-05-12,nse_actual
ASIANPAINT,Mar 2022,2022-05-10,nse_actual
ASIANPAINT,Mar 2023,2023-05-11,nse_actual
ASIANPAINT,Mar 2024,2024-05-09,nse_actual
ASIANPAINT,Mar 2025,2025-05-30,approximation_fallback
ASIANPAINT,Mar 2026,2026-05-29,nse_actual
AXISBANK,Mar 2015,2015-04-29,nse_actual
AXISBANK,Mar 2016,2016-04-26,nse_actual
AXISBANK,Mar 2017,2017-04-26,nse_actual
AXISBANK,Mar 2018,2018-04-26,nse_actual
AXISBANK,Mar 2019,2019-04-25,nse_actual
AXISBANK,Mar 2020,2020-04-28,nse_actual
AXISBANK,Mar 2021,2021-04-27,nse_actual
AXISBANK,Mar 2022,2022-04-28,nse_actual
AXISBANK,Mar 2023,2023-04-27,nse_actual
AXISBANK,Mar 2024,2024-04-24,nse_actual
AXISBANK,Mar 2025,2025-05-30,approximation_fallback
AXISBANK,Mar 2026,2026-04-25,nse_actual
BAJAJ-AUTO,Mar 2015,2015-05-21,nse_actual
BAJAJ-AUTO,Mar 2016,2016-05-25,nse_actual
BAJAJ-AUTO,Mar 2017,2017-05-18,nse_actual
BAJAJ-AUTO,Mar 2018,2018-05-18,nse_actual
BAJAJ-AUTO,Mar 2019,2019-05-17,nse_actual
BAJAJ-AUTO,Mar 2020,2020-05-20,nse_actual
BAJAJ-AUTO,Mar 2021,2021-04-29,nse_actual
BAJAJ-AUTO,Mar 2022,2022-04-27,nse_actual
BAJAJ-AUTO,Mar 2023,2023-04-25,nse_actual
BAJAJ-AUTO,Mar 2024,2024-04-18,nse_actual
BAJAJ-AUTO,Mar 2025,2025-06-10,nse_actual
BAJAJ-AUTO,Mar 2026,2026-05-06,nse_actual
BAJAJFINSV,Mar 2015,2015-05-20,nse_actual
BAJAJFINSV,Mar 2016,2016-05-24,nse_actual
BAJAJFINSV,Mar 2017,2017-05-17,nse_actual
BAJAJFINSV,Mar 2018,2018-05-17,nse_actual
BAJAJFINSV,Mar 2019,2019-05-16,nse_actual
BAJAJFINSV,Mar 2020,2020-05-21,nse_actual
BAJAJFINSV,Mar 2021,2021-04-28,nse_actual
BAJAJFINSV,Mar 2022,2022-04-28,nse_actual
BAJAJFINSV,Mar 2023,2023-04-27,nse_actual
BAJAJFINSV,Mar 2024,2024-04-26,nse_actual
BAJAJFINSV,Mar 2025,2025-05-30,approximation_fallback
BAJAJFINSV,Mar 2026,2026-04-30,nse_actual
BAJFINANCE,Mar 2015,2015-05-20,nse_actual
BAJFINANCE,Mar 2016,2016-05-24,nse_actual
BAJFINANCE,Mar 2017,2017-05-17,nse_actual
BAJFINANCE,Mar 2018,2018-05-17,nse_actual
BAJFINANCE,Mar 2019,2019-05-16,nse_actual
BAJFINANCE,Mar 2020,2020-05-19,nse_actual
BAJFINANCE,Mar 2021,2021-04-27,nse_actual
BAJFINANCE,Mar 2022,2022-04-26,nse_actual
BAJFINANCE,Mar 2023,2023-04-26,nse_actual
BAJFINANCE,Mar 2024,2024-04-25,nse_actual
BAJFINANCE,Mar 2025,2025-04-23,nse_actual
BAJFINANCE,Mar 2026,2026-04-13,nse_actual
BHARTIARTL,Mar 2015,2015-04-28,nse_actual
BHARTIARTL,Mar 2016,2016-04-27,nse_actual
BHARTIARTL,Mar 2017,2017-05-09,nse_actual
BHARTIARTL,Mar 2018,2018-04-24,nse_actual
BHARTIARTL,Mar 2019,2019-05-06,nse_actual
BHARTIARTL,Mar 2020,2020-05-19,nse_actual
BHARTIARTL,Mar 2021,2021-05-17,nse_actual
BHARTIARTL,Mar 2022,2022-05-17,nse_actual
BHARTIARTL,Mar 2023,2023-05-16,nse_actual
BHARTIARTL,Mar 2024,2024-05-14,nse_actual
BHARTIARTL,Mar 2025,2025-05-13,nse_actual
BHARTIARTL,Mar 2026,2026-05-13,nse_actual
BPCL,Mar 2015,2015-05-28,nse_actual
BPCL,Mar 2016,2016-05-26,nse_actual
BPCL,Mar 2017,2017-05-30,nse_actual
BPCL,Mar 2018,2018-05-29,nse_actual
BPCL,Mar 2019,2019-05-20,nse_actual
BPCL,Mar 2020,2020-06-03,nse_actual
BPCL,Mar 2021,2021-05-26,nse_actual
BPCL,Mar 2022,2022-05-26,nse_actual
BPCL,Mar 2023,2023-05-22,nse_actual
BPCL,Mar 2024,2024-05-09,nse_actual
BPCL,Mar 2025,2025-05-30,approximation_fallback
BPCL,Mar 2026,2026-05-19,nse_actual
BRITANNIA,Mar 2015,2015-05-21,nse_actual
BRITANNIA,Mar 2016,2016-05-20,nse_actual
BRITANNIA,Mar 2017,2017-05-25,nse_actual
BRITANNIA,Mar 2018,2018-05-15,nse_actual
BRITANNIA,Mar 2019,2019-05-01,nse_actual
BRITANNIA,Mar 2020,2020-06-02,nse_actual
BRITANNIA,Mar 2021,2021-04-27,nse_actual
BRITANNIA,Mar 2022,2022-05-02,nse_actual
BRITANNIA,Mar 2023,2023-05-05,nse_actual
BRITANNIA,Mar 2024,2024-05-03,nse_actual
BRITANNIA,Mar 2025,2025-05-12,nse_actual
BRITANNIA,Mar 2026,2026-05-07,nse_actual
CIPLA,Mar 2015,2015-05-29,nse_actual
CIPLA,Mar 2016,2016-05-24,nse_actual
CIPLA,Mar 2017,2017-05-25,nse_actual
CIPLA,Mar 2018,2018-05-22,nse_actual
CIPLA,Mar 2019,2019-05-22,nse_actual
CIPLA,Mar 2020,2020-05-15,nse_actual
CIPLA,Mar 2021,2021-05-14,nse_actual
CIPLA,Mar 2022,2022-05-10,nse_actual
CIPLA,Mar 2023,2023-05-12,nse_actual
CIPLA,Mar 2024,2024-05-10,nse_actual
CIPLA,Mar 2025,2025-05-30,approximation_fallback
CIPLA,Mar 2026,2026-05-13,nse_actual
COALINDIA,Mar 2015,2015-05-28,nse_actual
COALINDIA,Mar 2016,2016-05-29,nse_actual
COALINDIA,Mar 2017,2017-05-29,nse_actual
COALINDIA,Mar 2018,2018-05-29,nse_actual
COALINDIA,Mar 2019,2019-05-30,nse_actual
COALINDIA,Mar 2020,2020-06-26,nse_actual
COALINDIA,Mar 2021,2021-06-14,nse_actual
COALINDIA,Mar 2022,2022-05-25,nse_actual
COALINDIA,Mar 2023,2023-05-07,nse_actual
COALINDIA,Mar 2024,2024-05-02,nse_actual
COALINDIA,Mar 2025,2025-05-07,nse_actual
COALINDIA,Mar 2026,2026-04-27,nse_actual
DRREDDY,Mar 2015,2015-05-12,nse_actual
DRREDDY,Mar 2016,2016-05-12,nse_actual
DRREDDY,Mar 2017,2017-05-12,nse_actual
DRREDDY,Mar 2018,2018-05-22,nse_actual
DRREDDY,Mar 2019,2019-05-17,nse_actual
DRREDDY,Mar 2020,2020-05-20,nse_actual
DRREDDY,Mar 2021,2021-05-14,nse_actual
DRREDDY,Mar 2022,2022-05-19,nse_actual
DRREDDY,Mar 2023,2023-05-10,nse_actual
DRREDDY,Mar 2024,2024-05-07,nse_actual
DRREDDY,Mar 2025,2025-05-30,approximation_fallback
DRREDDY,Mar 2026,2026-05-12,nse_actual
EICHERMOT,Dec 2014,2015-02-14,nse_actual
EICHERMOT,Mar 2017,2017-05-05,nse_actual
EICHERMOT,Mar 2018,2018-05-09,nse_actual
EICHERMOT,Mar 2019,2019-05-10,nse_actual
EICHERMOT,Mar 2020,2020-06-12,nse_actual
EICHERMOT,Mar 2021,2021-05-27,nse_actual
EICHERMOT,Mar 2022,2022-05-13,nse_actual
EICHERMOT,Mar 2023,2023-05-11,nse_actual
EICHERMOT,Mar 2024,2024-05-11,nse_actual
EICHERMOT,Mar 2025,2025-05-30,approximation_fallback
EICHERMOT,Mar 2026,2026-05-22,nse_actual
GAIL,Mar 2015,2015-05-27,nse_actual
GAIL,Mar 2016,2016-05-25,nse_actual
GAIL,Mar 2017,2017-05-22,nse_actual
GAIL,Mar 2018,2018-05-24,nse_actual
GAIL,Mar 2019,2019-05-27,nse_actual
GAIL,Mar 2020,2020-06-24,nse_actual
GAIL,Mar 2021,2021-06-09,nse_actual
GAIL,Mar 2022,2022-05-27,nse_actual
GAIL,Mar 2023,2023-05-18,nse_actual
GAIL,Mar 2024,2024-05-16,nse_actual
GAIL,Mar 2025,2025-05-30,approximation_fallback
GAIL,Mar 2026,2026-05-21,nse_actual
GRASIM,Mar 2015,2015-05-02,nse_actual
GRASIM,Mar 2016,2016-05-07,nse_actual
GRASIM,Mar 2017,2017-05-19,nse_actual
GRASIM,Mar 2018,2018-05-23,nse_actual
GRASIM,Mar 2019,2019-05-24,nse_actual
GRASIM,Mar 2020,2020-06-13,nse_actual
GRASIM,Mar 2021,2021-05-24,nse_actual
GRASIM,Mar 2022,2022-05-24,nse_actual
GRASIM,Mar 2023,2023-05-26,nse_actual
GRASIM,Mar 2024,2024-05-22,nse_actual
GRASIM,Mar 2025,2025-05-22,nse_actual
GRASIM,Mar 2026,2026-05-20,nse_actual
HCLTECH,Jun 2015,2015-08-03,nse_actual
HCLTECH,Mar 2017,2017-05-11,nse_actual
HCLTECH,Mar 2018,2018-05-02,nse_actual
HCLTECH,Mar 2019,2019-05-09,nse_actual
HCLTECH,Mar 2020,2020-05-07,nse_actual
HCLTECH,Mar 2021,2021-04-23,nse_actual
HCLTECH,Mar 2022,2022-04-21,nse_actual
HCLTECH,Mar 2023,2023-04-20,nse_actual
HCLTECH,Mar 2024,2024-04-26,nse_actual
HCLTECH,Mar 2025,2025-05-30,approximation_fallback
HCLTECH,Mar 2026,2026-04-21,nse_actual
HDFC,Mar 2012,2012-05-07,nse_actual
HDFC,Mar 2013,2013-05-08,nse_actual
HDFC,Mar 2014,2014-05-06,nse_actual
HDFC,Mar 2015,2015-04-29,nse_actual
HDFC,Mar 2016,2016-05-02,nse_actual
HDFC,Mar 2017,2017-05-04,nse_actual
HDFC,Mar 2018,2018-04-30,nse_actual
HDFC,Mar 2019,2019-05-13,nse_actual
HDFC,Mar 2020,2020-05-25,nse_actual
HDFC,Mar 2021,2021-05-07,nse_actual
HDFC,Mar 2022,2022-05-02,nse_actual
HDFC,Mar 2023,2023-05-04,nse_actual
HDFCBANK,Mar 2015,2015-04-23,nse_actual
HDFCBANK,Mar 2016,2016-04-22,nse_actual
HDFCBANK,Mar 2017,2017-04-21,nse_actual
HDFCBANK,Mar 2018,2018-04-21,nse_actual
HDFCBANK,Mar 2019,2019-04-20,nse_actual
HDFCBANK,Mar 2020,2020-04-18,nse_actual
HDFCBANK,Mar 2021,2021-04-17,nse_actual
HDFCBANK,Mar 2022,2022-04-16,nse_actual
HDFCBANK,Mar 2023,2023-04-15,nse_actual
HDFCBANK,Mar 2024,2024-04-20,nse_actual
HDFCBANK,Mar 2025,2025-05-30,approximation_fallback
HDFCBANK,Mar 2026,2026-04-18,nse_actual
HEROMOTOCO,Mar 2015,2015-05-07,nse_actual
HEROMOTOCO,Mar 2016,2016-05-05,nse_actual
HEROMOTOCO,Mar 2017,2017-05-10,nse_actual
HEROMOTOCO,Mar 2018,2018-05-02,nse_actual
HEROMOTOCO,Mar 2019,2019-04-26,nse_actual
HEROMOTOCO,Mar 2020,2020-06-09,nse_actual
HEROMOTOCO,Mar 2021,2021-05-06,nse_actual
HEROMOTOCO,Mar 2022,2022-05-03,nse_actual
HEROMOTOCO,Mar 2023,2023-05-04,nse_actual
HEROMOTOCO,Mar 2024,2024-05-08,nse_actual
HEROMOTOCO,Mar 2025,2025-05-14,nse_actual
HEROMOTOCO,Mar 2026,2026-05-06,nse_actual
HINDALCO,Mar 2015,2015-05-28,nse_actual
HINDALCO,Mar 2016,2016-05-28,nse_actual
HINDALCO,Mar 2017,2017-05-30,nse_actual
HINDALCO,Mar 2018,2018-05-16,nse_actual
HINDALCO,Mar 2019,2019-05-16,nse_actual
HINDALCO,Mar 2020,2020-06-12,nse_actual
HINDALCO,Mar 2021,2021-05-21,nse_actual
HINDALCO,Mar 2022,2022-05-27,nse_actual
HINDALCO,Mar 2023,2023-05-24,nse_actual
HINDALCO,Mar 2024,2024-05-24,nse_actual
HINDALCO,Mar 2025,2025-05-20,nse_actual
HINDALCO,Mar 2026,2026-05-22,nse_actual
HINDUNILVR,Mar 2015,2015-05-08,nse_actual
HINDUNILVR,Mar 2016,2016-05-09,nse_actual
HINDUNILVR,Mar 2017,2017-05-17,nse_actual
HINDUNILVR,Mar 2018,2018-05-14,nse_actual
HINDUNILVR,Mar 2019,2019-05-03,nse_actual
HINDUNILVR,Mar 2020,2020-04-30,nse_actual
HINDUNILVR,Mar 2021,2021-04-29,nse_actual
HINDUNILVR,Mar 2022,2022-04-28,nse_actual
HINDUNILVR,Mar 2023,2023-04-27,nse_actual
HINDUNILVR,Mar 2024,2024-04-24,nse_actual
HINDUNILVR,Mar 2025,2025-05-30,approximation_fallback
HINDUNILVR,Mar 2026,2026-04-30,nse_actual
ICICIBANK,Mar 2015,2015-04-27,nse_actual
ICICIBANK,Mar 2016,2016-04-29,nse_actual
ICICIBANK,Mar 2017,2017-05-03,nse_actual
ICICIBANK,Mar 2018,2018-05-07,nse_actual
ICICIBANK,Mar 2019,2019-05-06,nse_actual
ICICIBANK,Mar 2020,2020-05-09,nse_actual
ICICIBANK,Mar 2021,2021-04-24,nse_actual
ICICIBANK,Mar 2022,2022-04-23,nse_actual
ICICIBANK,Mar 2023,2023-04-22,nse_actual
ICICIBANK,Mar 2024,2024-04-27,nse_actual
ICICIBANK,Mar 2025,2025-04-15,nse_actual
ICICIBANK,Mar 2026,2026-04-13,nse_actual
INDUSINDBK,Mar 2016,2016-04-21,nse_actual
INDUSINDBK,Mar 2017,2017-04-19,nse_actual
INDUSINDBK,Mar 2018,2018-04-19,nse_actual
INDUSINDBK,Mar 2019,2019-05-22,nse_actual
INDUSINDBK,Mar 2020,2020-04-27,nse_actual
INDUSINDBK,Mar 2021,2021-04-30,nse_actual
INDUSINDBK,Mar 2022,2022-04-29,nse_actual
INDUSINDBK,Mar 2023,2023-04-24,nse_actual
INDUSINDBK,Mar 2024,2024-04-25,nse_actual
INDUSINDBK,Mar 2025,2025-05-21,nse_actual
INDUSINDBK,Mar 2026,2026-04-24,nse_actual
INFY,Mar 2015,2015-04-24,nse_actual
INFY,Mar 2016,2016-04-15,nse_actual
INFY,Mar 2017,2017-04-13,nse_actual
INFY,Mar 2018,2018-04-13,nse_actual
INFY,Mar 2019,2019-04-12,nse_actual
INFY,Mar 2020,2020-04-20,nse_actual
INFY,Mar 2021,2021-04-14,nse_actual
INFY,Mar 2022,2022-04-13,nse_actual
INFY,Mar 2023,2023-04-13,nse_actual
INFY,Mar 2024,2024-04-19,nse_actual
INFY,Mar 2025,2025-06-02,nse_actual
INFY,Mar 2026,2026-04-23,nse_actual
IOC,Mar 2015,2015-05-29,nse_actual
IOC,Mar 2016,2016-05-27,nse_actual
IOC,Mar 2017,2017-05-25,nse_actual
IOC,Mar 2018,2018-05-22,nse_actual
IOC,Mar 2019,2019-05-17,nse_actual
IOC,Mar 2020,2020-06-24,nse_actual
IOC,Mar 2021,2021-05-19,nse_actual
IOC,Mar 2022,2022-05-17,nse_actual
IOC,Mar 2023,2023-05-16,nse_actual
IOC,Mar 2024,2024-04-30,nse_actual
IOC,Mar 2025,2025-05-30,approximation_fallback
IOC,Mar 2026,2026-05-18,nse_actual
ITC,Mar 2015,2015-05-22,nse_actual
ITC,Mar 2016,2016-05-20,nse_actual
ITC,Mar 2017,2017-05-26,nse_actual
ITC,Mar 2018,2018-05-16,nse_actual
ITC,Mar 2019,2019-05-13,nse_actual
ITC,Mar 2020,2020-06-26,nse_actual
ITC,Mar 2021,2021-06-01,nse_actual
ITC,Mar 2022,2022-05-18,nse_actual
ITC,Mar 2023,2023-05-18,nse_actual
ITC,Mar 2024,2024-05-23,nse_actual
ITC,Mar 2025,2025-05-22,nse_actual
ITC,Mar 2026,2026-05-21,nse_actual
JSWSTEEL,Mar 2015,2015-05-15,nse_actual
JSWSTEEL,Mar 2016,2016-05-18,nse_actual
JSWSTEEL,Mar 2017,2017-05-17,nse_actual
JSWSTEEL,Mar 2018,2018-05-17,nse_actual
JSWSTEEL,Mar 2019,2019-05-24,nse_actual
JSWSTEEL,Mar 2020,2020-05-22,nse_actual
JSWSTEEL,Mar 2021,2021-05-21,nse_actual
JSWSTEEL,Mar 2022,2022-05-27,nse_actual
JSWSTEEL,Mar 2023,2023-05-19,nse_actual
JSWSTEEL,Mar 2024,2024-05-17,nse_actual
JSWSTEEL,Mar 2025,2025-05-23,nse_actual
JSWSTEEL,Mar 2026,2026-05-14,nse_actual
KOTAKBANK,Mar 2015,2015-05-05,nse_actual
KOTAKBANK,Mar 2016,2016-05-11,nse_actual
KOTAKBANK,Mar 2017,2017-04-27,nse_actual
KOTAKBANK,Mar 2018,2018-04-30,nse_actual
KOTAKBANK,Mar 2019,2019-04-30,nse_actual
KOTAKBANK,Mar 2020,2020-05-13,nse_actual
KOTAKBANK,Mar 2021,2021-05-03,nse_actual
KOTAKBANK,Mar 2022,2022-05-04,nse_actual
KOTAKBANK,Mar 2023,2023-04-29,nse_actual
KOTAKBANK,Mar 2024,2024-05-04,nse_actual
KOTAKBANK,Mar 2025,2025-05-03,nse_actual
KOTAKBANK,Mar 2026,2026-05-02,nse_actual
LT,Mar 2015,2015-05-30,nse_actual
LT,Mar 2016,2016-05-25,nse_actual
LT,Mar 2017,2017-05-29,nse_actual
LT,Mar 2018,2018-05-28,nse_actual
LT,Mar 2019,2019-05-10,nse_actual
LT,Mar 2020,2020-06-05,nse_actual
LT,Mar 2021,2021-05-14,nse_actual
LT,Mar 2022,2022-05-12,nse_actual
LT,Mar 2023,2023-05-10,nse_actual
LT,Mar 2024,2024-05-08,nse_actual
LT,Mar 2025,2025-05-30,approximation_fallback
LT,Mar 2026,2026-05-30,approximation_fallback
M&M,Mar 2015,2015-05-29,nse_actual
M&M,Mar 2016,2016-05-30,nse_actual
M&M,Mar 2017,2017-05-30,nse_actual
M&M,Mar 2018,2018-04-27,nse_actual
M&M,Mar 2019,2019-05-29,nse_actual
M&M,Mar 2020,2020-06-12,nse_actual
M&M,Mar 2021,2021-05-28,nse_actual
M&M,Mar 2022,2022-05-28,nse_actual
M&M,Mar 2023,2023-05-26,nse_actual
M&M,Mar 2024,2024-05-16,nse_actual
M&M,Mar 2025,2025-05-05,nse_actual
M&M,Mar 2026,2026-05-05,nse_actual
MARUTI,Mar 2015,2015-04-27,nse_actual
MARUTI,Mar 2016,2016-04-26,nse_actual
MARUTI,Mar 2017,2017-04-27,nse_actual
MARUTI,Mar 2018,2018-04-27,nse_actual
MARUTI,Mar 2019,2019-04-25,nse_actual
MARUTI,Mar 2020,2020-05-13,nse_actual
MARUTI,Mar 2021,2021-04-27,nse_actual
MARUTI,Mar 2022,2022-04-29,nse_actual
MARUTI,Mar 2023,2023-04-26,nse_actual
MARUTI,Mar 2024,2024-04-26,nse_actual
MARUTI,Mar 2025,2025-04-25,nse_actual
MARUTI,Mar 2026,2026-04-28,nse_actual
NESTLEIND,Mar 2025,2025-05-30,approximation_fallback
NESTLEIND,Mar 2026,2026-04-21,nse_actual
NTPC,Mar 2015,2015-05-29,nse_actual
NTPC,Mar 2016,2016-05-30,nse_actual
NTPC,Mar 2017,2017-05-29,nse_actual
NTPC,Mar 2018,2018-05-28,nse_actual
NTPC,Mar 2019,2019-05-25,nse_actual
NTPC,Mar 2020,2020-06-27,nse_actual
NTPC,Mar 2021,2021-06-19,nse_actual
NTPC,Mar 2022,2022-05-20,nse_actual
NTPC,Mar 2023,2023-05-19,nse_actual
NTPC,Mar 2024,2024-05-24,nse_actual
NTPC,Mar 2025,2025-05-24,nse_actual
NTPC,Mar 2026,2026-05-23,nse_actual
ONGC,Mar 2015,2015-05-28,nse_actual
ONGC,Mar 2016,2016-05-26,nse_actual
ONGC,Mar 2017,2017-05-26,nse_actual
ONGC,Mar 2018,2018-05-30,nse_actual
ONGC,Mar 2019,2019-05-30,approximation_fallback
ONGC,Mar 2020,2020-05-30,approximation_fallback
ONGC,Mar 2021,2021-06-24,nse_actual
ONGC,Mar 2022,2022-05-30,nse_actual
ONGC,Mar 2023,2023-05-26,nse_actual
ONGC,Mar 2024,2024-05-20,nse_actual
ONGC,Mar 2025,2025-05-21,nse_actual
ONGC,Mar 2026,2026-05-26,nse_actual
POWERGRID,Mar 2015,2015-05-30,nse_actual
POWERGRID,Mar 2016,2016-05-26,nse_actual
POWERGRID,Mar 2017,2017-05-29,nse_actual
POWERGRID,Mar 2018,2018-05-29,nse_actual
POWERGRID,Mar 2019,2019-05-29,nse_actual
POWERGRID,Mar 2020,2020-06-20,nse_actual
POWERGRID,Mar 2021,2021-06-17,nse_actual
POWERGRID,Mar 2022,2022-05-21,nse_actual
POWERGRID,Mar 2023,2023-05-19,nse_actual
POWERGRID,Mar 2024,2024-05-22,nse_actual
POWERGRID,Mar 2025,2025-05-19,nse_actual
POWERGRID,Mar 2026,2026-05-15,nse_actual
RELIANCE,Mar 2015,2015-04-17,nse_actual
RELIANCE,Mar 2016,2016-04-22,nse_actual
RELIANCE,Mar 2017,2017-04-24,nse_actual
RELIANCE,Mar 2018,2018-04-27,nse_actual
RELIANCE,Mar 2019,2019-04-18,nse_actual
RELIANCE,Mar 2020,2020-04-30,nse_actual
RELIANCE,Mar 2021,2021-04-30,nse_actual
RELIANCE,Mar 2022,2022-05-06,nse_actual
RELIANCE,Mar 2023,2023-04-21,nse_actual
RELIANCE,Mar 2024,2024-04-22,nse_actual
RELIANCE,Mar 2025,2025-04-25,nse_actual
RELIANCE,Mar 2026,2026-04-17,nse_actual
SBIN,Mar 2015,2015-05-22,nse_actual
SBIN,Mar 2016,2016-05-27,nse_actual
SBIN,Mar 2017,2017-05-19,nse_actual
SBIN,Mar 2018,2018-05-22,nse_actual
SBIN,Mar 2019,2019-05-10,nse_actual
SBIN,Mar 2020,2020-06-05,nse_actual
SBIN,Mar 2021,2021-05-21,nse_actual
SBIN,Mar 2022,2022-05-13,nse_actual
SBIN,Mar 2023,2023-05-18,nse_actual
SBIN,Mar 2024,2024-05-09,nse_actual
SBIN,Mar 2025,2025-05-03,nse_actual
SBIN,Mar 2026,2026-05-08,nse_actual
SHREECEM,Jun 2015,2015-08-05,nse_actual
SHREECEM,Mar 2017,2017-05-16,nse_actual
SHREECEM,Mar 2018,2018-04-28,nse_actual
SHREECEM,Mar 2019,2019-05-18,nse_actual
SHREECEM,Mar 2020,2020-05-08,nse_actual
SHREECEM,Mar 2021,2021-05-21,nse_actual
SHREECEM,Mar 2022,2022-05-21,nse_actual
SHREECEM,Mar 2023,2023-05-22,nse_actual
SHREECEM,Mar 2024,2024-05-14,nse_actual
SHREECEM,Mar 2025,2025-05-30,approximation_fallback
SHREECEM,Mar 2026,2026-05-06,nse_actual
SUNPHARMA,Mar 2015,2015-05-29,nse_actual
SUNPHARMA,Mar 2016,2016-05-30,nse_actual
SUNPHARMA,Mar 2017,2017-05-29,nse_actual
SUNPHARMA,Mar 2018,2018-05-18,nse_actual
SUNPHARMA,Mar 2019,2019-05-28,nse_actual
SUNPHARMA,Mar 2020,2020-05-27,nse_actual
SUNPHARMA,Mar 2021,2021-05-27,nse_actual
SUNPHARMA,Mar 2022,2022-05-31,nse_actual
SUNPHARMA,Mar 2023,2023-05-26,nse_actual
SUNPHARMA,Mar 2024,2024-05-22,nse_actual
SUNPHARMA,Mar 2025,2025-05-22,nse_actual
SUNPHARMA,Mar 2026,2026-05-22,nse_actual
TATAMOTORS,Mar 2015,2015-05-26,nse_actual
TATAMOTORS,Mar 2016,2016-05-10,nse_actual
TATAMOTORS,Mar 2017,2017-05-23,nse_actual
TATAMOTORS,Mar 2018,2018-04-19,nse_actual
TATAMOTORS,Mar 2019,2019-05-20,nse_actual
TATAMOTORS,Mar 2020,2020-06-15,nse_actual
TATAMOTORS,Mar 2021,2021-05-18,nse_actual
TATAMOTORS,Mar 2022,2022-05-12,nse_actual
TATAMOTORS,Mar 2023,2023-05-12,nse_actual
TATAMOTORS,Mar 2024,2024-05-10,nse_actual
TATAMOTORS,Mar 2025,2025-05-30,approximation_fallback
TATAMOTORS,Mar 2026,2026-05-14,nse_actual
TATASTEEL,Mar 2015,2015-05-20,nse_actual
TATASTEEL,Mar 2016,2016-05-25,nse_actual
TATASTEEL,Mar 2017,2017-05-16,nse_actual
TATASTEEL,Mar 2018,2018-05-16,nse_actual
TATASTEEL,Mar 2019,2019-04-25,nse_actual
TATASTEEL,Mar 2020,2020-06-29,nse_actual
TATASTEEL,Mar 2021,2021-05-05,nse_actual
TATASTEEL,Mar 2022,2022-05-03,nse_actual
TATASTEEL,Mar 2023,2023-05-02,nse_actual
TATASTEEL,Mar 2024,2024-05-29,nse_actual
TATASTEEL,Mar 2025,2025-05-30,approximation_fallback
TATASTEEL,Mar 2026,2026-05-15,nse_actual
TCS,Mar 2015,2015-04-16,nse_actual
TCS,Mar 2016,2016-04-18,nse_actual
TCS,Mar 2017,2017-04-18,nse_actual
TCS,Mar 2018,2018-04-19,nse_actual
TCS,Mar 2019,2019-04-12,nse_actual
TCS,Mar 2020,2020-04-16,nse_actual
TCS,Mar 2021,2021-04-12,nse_actual
TCS,Mar 2022,2022-04-11,nse_actual
TCS,Mar 2023,2023-04-12,nse_actual
TCS,Mar 2024,2024-04-12,nse_actual
TCS,Mar 2025,2025-05-30,approximation_fallback
TCS,Mar 2026,2026-04-09,nse_actual
TECHM,Mar 2015,2015-05-26,nse_actual
TECHM,Mar 2016,2016-05-24,nse_actual
TECHM,Mar 2017,2017-05-26,nse_actual
TECHM,Mar 2018,2018-05-25,nse_actual
TECHM,Mar 2019,2019-05-21,nse_actual
TECHM,Mar 2020,2020-04-30,nse_actual
TECHM,Mar 2021,2021-04-26,nse_actual
TECHM,Mar 2022,2022-05-13,nse_actual
TECHM,Mar 2023,2023-04-27,nse_actual
TECHM,Mar 2024,2024-04-25,nse_actual
TECHM,Mar 2025,2025-04-24,nse_actual
TECHM,Mar 2026,2026-04-22,nse_actual
TITAN,Mar 2015,2015-05-07,nse_actual
TITAN,Mar 2016,2016-05-06,nse_actual
TITAN,Mar 2017,2017-05-15,nse_actual
TITAN,Mar 2018,2018-05-10,nse_actual
TITAN,Mar 2019,2019-05-08,nse_actual
TITAN,Mar 2020,2020-06-08,nse_actual
TITAN,Mar 2021,2021-04-29,nse_actual
TITAN,Mar 2022,2022-05-03,nse_actual
TITAN,Mar 2023,2023-05-03,nse_actual
TITAN,Mar 2024,2024-05-03,nse_actual
TITAN,Mar 2025,2025-05-09,nse_actual
TITAN,Mar 2026,2026-05-08,nse_actual
ULTRACEMCO,Mar 2015,2015-04-25,nse_actual
ULTRACEMCO,Mar 2016,2016-04-25,nse_actual
ULTRACEMCO,Mar 2017,2017-04-24,nse_actual
ULTRACEMCO,Mar 2018,2018-04-25,nse_actual
ULTRACEMCO,Mar 2019,2019-04-24,nse_actual
ULTRACEMCO,Mar 2020,2020-05-20,nse_actual
ULTRACEMCO,Mar 2021,2021-05-07,nse_actual
ULTRACEMCO,Mar 2022,2022-04-29,nse_actual
ULTRACEMCO,Mar 2023,2023-04-28,nse_actual
ULTRACEMCO,Mar 2024,2024-04-29,nse_actual
ULTRACEMCO,Mar 2025,2025-05-30,approximation_fallback
ULTRACEMCO,Mar 2026,2026-04-27,nse_actual
UPL,Mar 2015,2015-04-27,nse_actual
UPL,Mar 2016,2016-04-29,nse_actual
UPL,Mar 2017,2017-04-28,nse_actual
UPL,Mar 2018,2018-04-27,nse_actual
UPL,Mar 2019,2019-05-17,nse_actual
UPL,Mar 2020,2020-05-22,nse_actual
UPL,Mar 2021,2021-05-12,nse_actual
UPL,Mar 2022,2022-05-09,nse_actual
UPL,Mar 2023,2023-05-08,nse_actual
UPL,Mar 2024,2024-05-13,nse_actual
UPL,Mar 2025,2025-05-30,approximation_fallback
UPL,Mar 2026,2026-05-11,nse_actual
VEDL,Mar 2015,2015-04-29,nse_actual
VEDL,Mar 2016,2016-04-28,nse_actual
VEDL,Mar 2017,2017-05-15,nse_actual
VEDL,Mar 2018,2018-04-30,nse_actual
VEDL,Mar 2019,2019-05-07,nse_actual
VEDL,Mar 2020,2020-06-06,nse_actual
VEDL,Mar 2021,2021-05-13,nse_actual
VEDL,Mar 2022,2022-04-28,nse_actual
VEDL,Mar 2023,2023-05-12,nse_actual
VEDL,Mar 2024,2024-04-25,nse_actual
VEDL,Mar 2025,2025-04-25,nse_actual
VEDL,Mar 2026,2026-04-29,nse_actual
WIPRO,Mar 2015,2015-04-21,nse_actual
WIPRO,Mar 2016,2016-04-20,nse_actual
WIPRO,Mar 2017,2017-04-25,nse_actual
WIPRO,Mar 2018,2018-04-25,nse_actual
WIPRO,Mar 2019,2019-04-16,nse_actual
WIPRO,Mar 2020,2020-04-15,nse_actual
WIPRO,Mar 2021,2021-04-15,nse_actual
WIPRO,Mar 2022,2022-04-29,nse_actual
WIPRO,Mar 2023,2023-04-27,nse_actual
WIPRO,Mar 2024,2024-04-19,nse_actual
WIPRO,Mar 2025,2025-05-30,approximation_fallback
WIPRO,Mar 2026,2026-04-16,nse_actual
ZEEL,Mar 2015,2015-05-21,nse_actual
ZEEL,Mar 2016,2016-05-10,nse_actual
ZEEL,Mar 2017,2017-05-10,nse_actual
ZEEL,Mar 2018,2018-05-10,nse_actual
ZEEL,Mar 2019,2019-05-27,nse_actual
ZEEL,Mar 2020,2020-05-30,approximation_fallback
ZEEL,Mar 2021,2021-05-20,nse_actual
ZEEL,Mar 2022,2022-05-26,nse_actual
ZEEL,Mar 2023,2023-05-25,nse_actual
ZEEL,Mar 2024,2024-05-17,nse_actual
ZEEL,Mar 2025,2025-05-08,nse_actual
ZEEL,Mar 2026,2026-04-28,nse_actual
