Date,Symbol,Adj Close,Close,High,Low,Open,Volume
2024-10-22,HYUNDAI,1785.09814453125,1819.5999755859375,1970.0,1807.0,1934.0,28619978
2024-10-23,HYUNDAI,1860.8834228515625,1896.8499755859375,1928.9000244140625,1810.0,1815.199951171875,7729113
2024-10-24,HYUNDAI,1835.7196044921875,1871.199951171875,1933.8499755859375,1853.449951171875,1927.949951171875,3271622
2024-10-25,HYUNDAI,1808.7901611328125,1843.75,1884.25,1783.0,1871.0,3219776
2024-10-28,HYUNDAI,1769.15625,1803.3499755859375,1848.6500244140625,1795.0,1843.75,1341337
2024-10-29,HYUNDAI,1725.1566162109375,1758.5,1807.949951171875,1752.0,1807.949951171875,2446675
2024-10-30,HYUNDAI,1797.3121337890625,1832.050048828125,1843.0999755859375,1760.6500244140625,1769.949951171875,1516619
2024-10-31,HYUNDAI,1787.9921875,1822.550048828125,1842.949951171875,1815.1500244140625,1823.0,522279
2024-11-01,HYUNDAI,1797.557373046875,1832.300048828125,1848.0,1825.0,1825.0,158166
2024-11-04,HYUNDAI,1780.0457763671875,1814.449951171875,1841.0,1796.0999755859375,1832.25,926694
2024-11-05,HYUNDAI,1793.5841064453125,1828.25,1840.0,1800.0,1802.3499755859375,889751
2024-11-06,HYUNDAI,1818.3553466796875,1853.5,1868.4000244140625,1823.0999755859375,1826.0,903413
2024-11-07,HYUNDAI,1798.8817138671875,1833.6500244140625,1849.9000244140625,1826.0,1841.6500244140625,650585
2024-11-08,HYUNDAI,1805.258544921875,1840.1500244140625,1847.5999755859375,1809.5999755859375,1830.199951171875,577813
2024-11-11,HYUNDAI,1787.5018310546875,1822.050048828125,1865.0,1820.0,1830.0,445794
2024-11-12,HYUNDAI,1769.744873046875,1803.949951171875,1842.25,1772.199951171875,1826.199951171875,1069276
2024-11-13,HYUNDAI,1706.9583740234375,1739.949951171875,1795.0,1714.0,1787.0,1500153
2024-11-14,HYUNDAI,1732.269287109375,1765.75,1779.0,1716.0999755859375,1749.949951171875,580587
2024-11-18,HYUNDAI,1697.0009765625,1729.800048828125,1759.0,1688.5,1751.9000244140625,1599438
2024-11-19,HYUNDAI,1795.1048583984375,1829.800048828125,1849.0,1729.0,1733.0,1824631
2024-11-21,HYUNDAI,1790.9354248046875,1825.550048828125,1859.0,1786.050048828125,1819.949951171875,1171989
2024-11-22,HYUNDAI,1795.4970703125,1830.199951171875,1838.0,1811.25,1825.550048828125,436515
2024-11-25,HYUNDAI,1818.2081298828125,1853.3499755859375,1860.0,1832.050048828125,1835.050048828125,791187
2024-11-26,HYUNDAI,1844.3529052734375,1880.0,1911.0,1853.3499755859375,1854.9000244140625,825461
2024-11-27,HYUNDAI,1871.2823486328125,1907.449951171875,1926.5999755859375,1895.0,1905.300048828125,894423
2024-11-28,HYUNDAI,1866.573486328125,1902.6500244140625,1917.800048828125,1874.1500244140625,1890.0,692877
2024-11-29,HYUNDAI,1880.2099609375,1916.550048828125,1939.0,1897.050048828125,1905.199951171875,1301843
2024-12-02,HYUNDAI,1845.23583984375,1880.9000244140625,1915.449951171875,1870.25,1875.0,476433
2024-12-03,HYUNDAI,1814.1368408203125,1849.199951171875,1889.8499755859375,1825.5,1885.0,961607
2024-12-04,HYUNDAI,1836.7008056640625,1872.199951171875,1877.0,1840.25,1840.25,640379
2024-12-05,HYUNDAI,1842.43994140625,1878.050048828125,1898.9000244140625,1866.300048828125,1875.9000244140625,506260
2024-12-06,HYUNDAI,1823.260498046875,1858.5,1880.0,1853.5999755859375,1876.0,612872
2024-12-09,HYUNDAI,1792.0145263671875,1826.6500244140625,1871.0,1824.0,1858.5,403251
2024-12-10,HYUNDAI,1798.685546875,1833.449951171875,1842.949951171875,1820.0,1829.949951171875,367019
2024-12-11,HYUNDAI,1788.826171875,1823.4000244140625,1840.0,1819.0,1840.0,337783
2024-12-12,HYUNDAI,1764.4962158203125,1798.5999755859375,1861.0,1768.6500244140625,1769.050048828125,1048206
2024-12-13,HYUNDAI,1738.4007568359375,1772.0,1808.699951171875,1760.0,1800.0,569711
2024-12-16,HYUNDAI,1782.93994140625,1817.4000244140625,1824.0999755859375,1766.25,1772.0,545726
2024-12-17,HYUNDAI,1789.6600341796875,1824.25,1831.0,1802.050048828125,1817.4000244140625,312411
2024-12-18,HYUNDAI,1761.79833984375,1795.8499755859375,1822.949951171875,1790.0,1820.5,324766
2024-12-19,HYUNDAI,1753.5577392578125,1787.449951171875,1792.0,1766.0,1785.1500244140625,430008
2024-12-20,HYUNDAI,1732.7105712890625,1766.199951171875,1807.949951171875,1758.0,1793.25,531540
2024-12-23,HYUNDAI,1719.3685302734375,1752.5999755859375,1786.0,1738.0,1779.550048828125,335306
2024-12-24,HYUNDAI,1731.7296142578125,1765.199951171875,1770.0,1749.3499755859375,1762.0999755859375,192311
2024-12-26,HYUNDAI,1744.0908203125,1777.800048828125,1786.949951171875,1750.0,1765.199951171875,257169
2024-12-27,HYUNDAI,1758.1195068359375,1792.0999755859375,1805.300048828125,1776.0,1777.800048828125,223552
2024-12-30,HYUNDAI,1762.5343017578125,1796.5999755859375,1804.8499755859375,1776.0,1781.4000244140625,211968
2024-12-31,HYUNDAI,1771.8541259765625,1806.0999755859375,1820.0,1786.550048828125,1794.949951171875,231141
2025-01-01,HYUNDAI,1765.2811279296875,1799.4000244140625,1805.0,1791.0,1800.0,130344
2025-01-02,HYUNDAI,1784.166259765625,1818.6500244140625,1854.0,1791.300048828125,1791.300048828125,624221
2025-01-03,HYUNDAI,1793.9765625,1828.6500244140625,1834.4000244140625,1812.050048828125,1821.949951171875,246250
2025-01-06,HYUNDAI,1766.998046875,1801.1500244140625,1849.0,1797.5999755859375,1811.0,395362
2025-01-07,HYUNDAI,1798.2440185546875,1833.0,1848.9000244140625,1803.050048828125,1803.050048828125,925887
2025-01-08,HYUNDAI,1777.0537109375,1811.4000244140625,1826.550048828125,1800.050048828125,1820.0,289586
2025-01-09,HYUNDAI,1751.69384765625,1785.550048828125,1807.1500244140625,1766.0,1802.0,445286
2025-01-10,HYUNDAI,1753.7049560546875,1787.5999755859375,1799.0,1774.4000244140625,1781.0,543447
2025-01-13,HYUNDAI,1733.4462890625,1766.949951171875,1782.5999755859375,1747.1500244140625,1768.4000244140625,433775
2025-01-14,HYUNDAI,1748.26025390625,1782.050048828125,1807.0,1764.0999755859375,1766.949951171875,330495
2025-01-15,HYUNDAI,1761.455078125,1795.5,1818.0,1776.0,1790.0,569286
2025-01-16,HYUNDAI,1782.6456298828125,1817.0999755859375,1824.9000244140625,1791.0,1791.949951171875,542776
2025-01-17,HYUNDAI,1755.176513671875,1789.0999755859375,1815.0,1738.0,1765.0,2441970
2025-01-20,HYUNDAI,1748.6524658203125,1782.449951171875,1795.300048828125,1761.050048828125,1789.199951171875,993234
2025-01-21,HYUNDAI,1712.4522705078125,1745.550048828125,1801.1500244140625,1738.0999755859375,1784.5999755859375,1036378
2025-01-22,HYUNDAI,1670.218505859375,1702.5,1759.0,1684.8499755859375,1759.0,1321964
2025-01-23,HYUNDAI,1672.7691650390625,1705.0999755859375,1715.0,1688.1500244140625,1707.0,937567
2025-01-24,HYUNDAI,1672.9654541015625,1705.300048828125,1710.3499755859375,1685.199951171875,1706.0999755859375,548666
2025-01-27,HYUNDAI,1612.58251953125,1643.75,1695.0,1636.0,1695.0,1538942
2025-01-28,HYUNDAI,1593.599365234375,1624.4000244140625,1667.949951171875,1615.050048828125,1651.5,1291382
2025-01-29,HYUNDAI,1618.2235107421875,1649.5,1661.3499755859375,1610.6500244140625,1619.949951171875,676152
2025-01-30,HYUNDAI,1591.244873046875,1622.0,1655.0,1615.0,1655.0,341982
2025-01-31,HYUNDAI,1645.74169921875,1677.550048828125,1686.300048828125,1630.3499755859375,1638.0,638701
2025-02-01,HYUNDAI,1717.25927734375,1750.449951171875,1829.800048828125,1667.050048828125,1692.0,981974
2025-02-03,HYUNDAI,1765.771728515625,1799.9000244140625,1811.9000244140625,1741.300048828125,1750.8499755859375,3536130
2025-02-04,HYUNDAI,1809.869384765625,1844.8499755859375,1850.0,1801.050048828125,1801.050048828125,1154361
2025-02-05,HYUNDAI,1806.4356689453125,1841.3499755859375,1847.0,1801.550048828125,1840.0,673537
2025-02-06,HYUNDAI,1791.32763671875,1825.949951171875,1834.5999755859375,1791.050048828125,1830.0,867707
2025-02-07,HYUNDAI,1862.207763671875,1898.199951171875,1929.0,1821.050048828125,1828.949951171875,2903619
2025-02-10,HYUNDAI,1819.6796875,1854.8499755859375,1887.5,1845.1500244140625,1887.5,804255
2025-02-11,HYUNDAI,1800.892822265625,1835.699951171875,1877.4000244140625,1797.800048828125,1855.0,1750256
2025-02-12,HYUNDAI,1769.8919677734375,1804.0999755859375,1898.050048828125,1789.0,1876.0,2325740
2025-02-13,HYUNDAI,1765.0848388671875,1799.199951171875,1861.9000244140625,1788.800048828125,1823.0,1173472
2025-02-14,HYUNDAI,1772.05029296875,1806.300048828125,1850.0,1792.0,1808.8499755859375,1333382
2025-02-17,HYUNDAI,1808.9375,1843.9000244140625,1855.0,1758.0999755859375,1805.0,1994718
2025-02-18,HYUNDAI,1776.7103271484375,1811.050048828125,1869.5999755859375,1796.0,1843.9000244140625,1284671
2025-02-19,HYUNDAI,1840.379638671875,1875.949951171875,1890.300048828125,1795.6500244140625,1820.0,1179676
2025-02-20,HYUNDAI,1818.110107421875,1853.25,1875.0,1835.5999755859375,1867.300048828125,1021304
2025-02-21,HYUNDAI,1763.8095703125,1797.9000244140625,1875.0,1778.0,1846.0,1310998
2025-02-24,HYUNDAI,1760.47412109375,1794.5,1819.199951171875,1772.449951171875,1793.0,978604
2025-02-25,HYUNDAI,1791.72021484375,1826.3499755859375,1839.699951171875,1791.199951171875,1794.5,1269628
2025-02-27,HYUNDAI,1690.329833984375,1723.0,1810.4000244140625,1700.0,1809.0,1554491
2025-02-28,HYUNDAI,1697.0989990234375,1729.9000244140625,1813.449951171875,1656.0,1760.0,29179375
2025-03-03,HYUNDAI,1663.10595703125,1695.25,1729.199951171875,1661.0999755859375,1681.0,936736
2025-03-04,HYUNDAI,1680.372314453125,1712.8499755859375,1729.949951171875,1688.050048828125,1695.0,756354
2025-03-05,HYUNDAI,1685.522705078125,1718.0999755859375,1732.25,1704.300048828125,1712.8499755859375,506644
2025-03-06,HYUNDAI,1685.0322265625,1717.5999755859375,1726.699951171875,1690.0999755859375,1720.949951171875,729380
2025-03-07,HYUNDAI,1682.8739013671875,1715.4000244140625,1723.0999755859375,1703.0,1703.0,302079
2025-03-10,HYUNDAI,1642.7493896484375,1674.5,1712.0,1660.0,1709.0,769044
2025-03-11,HYUNDAI,1631.4674072265625,1663.0,1685.949951171875,1654.050048828125,1654.050048828125,279335
2025-03-12,HYUNDAI,1622.0985107421875,1653.449951171875,1684.5999755859375,1642.5999755859375,1678.949951171875,340034
2025-03-13,HYUNDAI,1613.2691650390625,1644.449951171875,1676.4000244140625,1637.0,1654.0,738740
2025-03-17,HYUNDAI,1568.043212890625,1598.3499755859375,1649.699951171875,1592.0,1644.949951171875,944360
2025-03-18,HYUNDAI,1568.043212890625,1598.3499755859375,1598.3499755859375,1598.3499755859375,1598.3499755859375,0
2025-03-19,HYUNDAI,1584.671875,1615.300048828125,1626.4000244140625,1585.0,1585.0,860058
2025-03-20,HYUNDAI,1599.6328125,1630.550048828125,1653.949951171875,1605.1500244140625,1648.0,1180718
2025-03-21,HYUNDAI,1665.411376953125,1697.5999755859375,1708.4000244140625,1625.9000244140625,1630.550048828125,1894623
2025-03-24,HYUNDAI,1725.647216796875,1759.0,1765.699951171875,1700.0,1701.5999755859375,1076346
2025-03-25,HYUNDAI,1707.547119140625,1740.550048828125,1771.0,1708.0,1770.25,531717
2025-03-26,HYUNDAI,1676.3009033203125,1708.699951171875,1761.0,1686.699951171875,1748.0,1019723
2025-03-27,HYUNDAI,1724.8133544921875,1758.1500244140625,1819.0,1680.050048828125,1691.0,3241595
2025-03-28,HYUNDAI,1675.2708740234375,1707.6500244140625,1749.9000244140625,1701.0,1735.0,693170
2025-04-01,HYUNDAI,1670.9542236328125,1703.25,1733.550048828125,1700.050048828125,1706.800048828125,527047
2025-04-02,HYUNDAI,1648.53759765625,1680.4000244140625,1722.3499755859375,1666.1500244140625,1720.0,649728
2025-04-03,HYUNDAI,1621.0684814453125,1652.4000244140625,1669.800048828125,1639.050048828125,1664.550048828125,893654
2025-04-04,HYUNDAI,1607.9224853515625,1639.0,1670.949951171875,1625.0,1658.949951171875,699970
2025-04-07,HYUNDAI,1553.1805419921875,1583.199951171875,1590.0,1541.699951171875,1567.550048828125,1366060
2025-04-08,HYUNDAI,1561.9609375,1592.1500244140625,1605.699951171875,1581.0999755859375,1592.0,374427
2025-04-09,HYUNDAI,1562.353271484375,1592.550048828125,1605.75,1582.550048828125,1592.1500244140625,269169
2025-04-11,HYUNDAI,1598.8970947265625,1629.800048828125,1639.9000244140625,1600.5,1625.0,997584
2025-04-15,HYUNDAI,1622.5400390625,1653.9000244140625,1659.0,1640.0,1641.300048828125,1173977
2025-04-16,HYUNDAI,1605.2738037109375,1636.300048828125,1659.9000244140625,1631.300048828125,1653.9000244140625,877329
2025-04-17,HYUNDAI,1630.1920166015625,1661.699951171875,1699.9000244140625,1639.5,1639.5,1440046
2025-04-21,HYUNDAI,1658.1517333984375,1690.199951171875,1698.5,1647.0999755859375,1650.0,292970
2025-04-22,HYUNDAI,1671.395751953125,1703.699951171875,1709.0,1684.0,1695.0,463480
2025-04-23,HYUNDAI,1688.7601318359375,1721.4000244140625,1726.4000244140625,1682.0,1707.699951171875,2346661
2025-04-24,HYUNDAI,1686.5037841796875,1719.0999755859375,1730.300048828125,1713.0,1722.0,481511
2025-04-25,HYUNDAI,1636.078369140625,1667.699951171875,1723.0,1655.9000244140625,1719.0,1690538
2025-04-28,HYUNDAI,1629.7998046875,1661.300048828125,1667.699951171875,1635.800048828125,1651.0,397009
2025-04-29,HYUNDAI,1644.8095703125,1676.5999755859375,1690.0,1662.0,1662.0,597827
2025-04-30,HYUNDAI,1675.2218017578125,1707.5999755859375,1715.4000244140625,1681.699951171875,1683.4000244140625,1236921
2025-05-02,HYUNDAI,1678.1649169921875,1710.5999755859375,1714.300048828125,1690.0,1703.5,823350
2025-05-05,HYUNDAI,1695.43115234375,1728.199951171875,1733.4000244140625,1710.0999755859375,1719.0,509733
2025-05-06,HYUNDAI,1707.694091796875,1740.699951171875,1755.0,1711.4000244140625,1728.0,518493
2025-05-07,HYUNDAI,1741.8343505859375,1775.5,1780.0,1700.0,1700.0,578328
2025-05-08,HYUNDAI,1700.2381591796875,1733.0999755859375,1784.4000244140625,1720.5,1762.0,321599
2025-05-09,HYUNDAI,1701.2193603515625,1734.0999755859375,1742.0,1690.0,1697.5,560109
2025-05-12,HYUNDAI,1722.6060791015625,1755.9000244140625,1770.199951171875,1742.300048828125,1750.4000244140625,410715
2025-05-13,HYUNDAI,1734.9671630859375,1768.5,1779.5999755859375,1751.0999755859375,1770.0,532232
2025-05-14,HYUNDAI,1765.771728515625,1799.9000244140625,1808.5,1771.0999755859375,1772.0,677698
2025-05-15,HYUNDAI,1801.1871337890625,1836.0,1839.0,1792.0,1799.0999755859375,637712
2025-05-16,HYUNDAI,1820.41552734375,1855.5999755859375,1874.0,1806.699951171875,1839.9000244140625,971924
2025-05-19,HYUNDAI,1858.577880859375,1894.5,1908.0,1830.0,1865.0,1240164
2025-05-20,HYUNDAI,1847.59033203125,1883.300048828125,1902.699951171875,1868.199951171875,1885.0,556842
2025-05-21,HYUNDAI,1873.7840576171875,1910.0,1916.9000244140625,1869.5999755859375,1872.699951171875,613356
2025-05-22,HYUNDAI,1819.1402587890625,1854.300048828125,1906.0999755859375,1847.0,1890.0,985749
2025-05-23,HYUNDAI,1846.4130859375,1882.0999755859375,1888.800048828125,1851.0999755859375,1860.0,685769
2025-05-26,HYUNDAI,1853.4765625,1889.300048828125,1912.5,1881.9000244140625,1891.0,888713
2025-05-27,HYUNDAI,1847.4920654296875,1883.199951171875,1891.199951171875,1853.4000244140625,1887.0,740200
2025-05-28,HYUNDAI,1847.2960205078125,1883.0,1902.0,1873.4000244140625,1883.199951171875,553816
2025-05-29,HYUNDAI,1834.8369140625,1870.300048828125,1899.9000244140625,1858.9000244140625,1887.699951171875,836458
2025-05-30,HYUNDAI,1812.1746826171875,1847.199951171875,1888.0999755859375,1803.699951171875,1880.0,2406721
2025-06-02,HYUNDAI,1817.5704345703125,1852.699951171875,1868.5999755859375,1832.699951171875,1847.199951171875,852214
2025-06-03,HYUNDAI,1787.7469482421875,1822.300048828125,1859.800048828125,1820.0,1859.800048828125,1203045
2025-06-04,HYUNDAI,1794.71240234375,1829.4000244140625,1846.5999755859375,1815.199951171875,1827.5999755859375,1037176
2025-06-05,HYUNDAI,1800.4022216796875,1835.199951171875,1841.9000244140625,1807.0999755859375,1828.0,1578859
2025-06-06,HYUNDAI,1825.811279296875,1861.0999755859375,1866.5999755859375,1812.9000244140625,1835.0999755859375,614731
2025-06-09,HYUNDAI,1915.183837890625,1952.199951171875,1984.800048828125,1898.4000244140625,1900.0,2612912
2025-06-10,HYUNDAI,1911.2596435546875,1948.199951171875,1958.699951171875,1928.5999755859375,1950.0,484124
2025-06-11,HYUNDAI,1900.3702392578125,1937.0999755859375,1958.300048828125,1930.0,1943.0,529537
2025-06-12,HYUNDAI,1919.3043212890625,1956.4000244140625,1971.699951171875,1940.0,1940.9000244140625,945269
2025-06-13,HYUNDAI,1904.5887451171875,1941.4000244140625,1948.0,1912.199951171875,1915.0999755859375,398072
2025-06-16,HYUNDAI,1902.6265869140625,1939.4000244140625,1982.4000244140625,1927.0,1951.9000244140625,1061499
2025-06-17,HYUNDAI,1908.708984375,1945.5999755859375,1971.0,1940.0999755859375,1965.0,1318784
2025-06-18,HYUNDAI,1894.189697265625,1930.800048828125,1949.199951171875,1920.5,1940.0,436280
2025-06-19,HYUNDAI,1871.8218994140625,1908.0,1936.0,1895.0,1924.0,537242
2025-06-20,HYUNDAI,1968.159912109375,2006.199951171875,2048.10009765625,1897.5,1897.5,12251901
2025-06-23,HYUNDAI,1961.68505859375,1999.5999755859375,2030.0,1980.0,1982.0,874137
2025-06-24,HYUNDAI,2032.1236572265625,2071.39990234375,2084.0,2002.800048828125,2009.199951171875,1942920
2025-06-25,HYUNDAI,2085.590087890625,2125.89990234375,2144.89990234375,2073.60009765625,2079.89990234375,1861892
2025-06-26,HYUNDAI,2085.688232421875,2126.0,2147.10009765625,2093.0,2131.0,623467
2025-06-27,HYUNDAI,2150.044677734375,2191.60009765625,2215.0,2094.800048828125,2119.0,1883633
2025-06-30,HYUNDAI,2177.61181640625,2219.699951171875,2260.0,2144.10009765625,2148.0,1995611
2025-07-01,HYUNDAI,2198.213623046875,2240.699951171875,2265.300048828125,2210.0,2220.0,1212284
2025-07-02,HYUNDAI,2083.43212890625,2123.699951171875,2247.10009765625,2101.60009765625,2240.699951171875,1112895
2025-07-03,HYUNDAI,2052.23486328125,2091.89990234375,2151.0,2070.0,2123.699951171875,1192824
2025-07-04,HYUNDAI,2024.9622802734375,2064.10009765625,2125.199951171875,2054.0,2105.0,654426
2025-07-07,HYUNDAI,2061.358642578125,2101.199951171875,2109.0,2058.10009765625,2064.10009765625,398865
2025-07-08,HYUNDAI,2016.1328125,2055.10009765625,2105.0,2046.0,2100.0,335672
2025-07-09,HYUNDAI,2051.35205078125,2091.0,2098.0,2048.699951171875,2055.199951171875,392605
2025-07-10,HYUNDAI,2055.080078125,2094.800048828125,2110.699951171875,2068.199951171875,2082.5,333516
2025-07-11,HYUNDAI,2063.713134765625,2103.60009765625,2156.699951171875,2095.199951171875,2101.10009765625,589567
2025-07-14,HYUNDAI,2108.05615234375,2148.800048828125,2152.0,2088.300048828125,2119.0,851374
2025-07-15,HYUNDAI,2111.48974609375,2152.300048828125,2166.39990234375,2126.300048828125,2148.0,351643
2025-07-16,HYUNDAI,2095.302490234375,2135.800048828125,2157.89990234375,2110.0,2155.0,365249
2025-07-17,HYUNDAI,2095.00830078125,2135.5,2151.199951171875,2116.10009765625,2135.800048828125,496929
2025-07-18,HYUNDAI,2080.096435546875,2120.300048828125,2152.39990234375,2090.0,2135.0,463686
2025-07-21,HYUNDAI,2092.849853515625,2133.300048828125,2142.0,2085.5,2117.0,297821
2025-07-22,HYUNDAI,2074.798583984375,2114.89990234375,2131.10009765625,2102.0,2125.0,732860
2025-07-23,HYUNDAI,2076.957275390625,2117.10009765625,2136.199951171875,2100.0,2118.10009765625,265233
2025-07-24,HYUNDAI,2054.98193359375,2094.699951171875,2124.699951171875,2081.0,2111.0,231355
2025-07-25,HYUNDAI,2059.396484375,2099.199951171875,2106.0,2075.10009765625,2094.699951171875,269859
2025-07-28,HYUNDAI,2011.1295166015625,2050.0,2087.39990234375,2036.0,2080.0,360535
2025-07-29,HYUNDAI,2060.867919921875,2100.699951171875,2105.60009765625,2040.0,2040.5,299078
2025-07-30,HYUNDAI,2047.1334228515625,2086.699951171875,2112.0,2076.10009765625,2090.5,360104
2025-07-31,HYUNDAI,2110.999267578125,2151.800048828125,2160.0,2050.300048828125,2056.699951171875,845705
2025-08-01,HYUNDAI,2139.6455078125,2181.0,2200.0,2144.800048828125,2153.0,647228
2025-08-04,HYUNDAI,2147.68994140625,2189.199951171875,2199.39990234375,2148.0,2175.0,335160
2025-08-05,HYUNDAI,2169.5810546875,2190.300048828125,2214.89990234375,2169.0,2170.10009765625,247027
2025-08-06,HYUNDAI,2146.798583984375,2167.300048828125,2194.199951171875,2132.0,2179.0,376997
2025-08-07,HYUNDAI,2119.954833984375,2140.199951171875,2162.60009765625,2108.10009765625,2140.60009765625,402843
2025-08-08,HYUNDAI,2100.2431640625,2120.300048828125,2142.199951171875,2111.0,2140.199951171875,217032
2025-08-11,HYUNDAI,2131.34619140625,2151.699951171875,2158.10009765625,2100.10009765625,2125.0,186894
2025-08-12,HYUNDAI,2184.2412109375,2205.10009765625,2239.89990234375,2172.10009765625,2179.0,1064558
2025-08-13,HYUNDAI,2225.447509765625,2246.699951171875,2260.0,2190.0,2214.800048828125,798419
2025-08-14,HYUNDAI,2219.504150390625,2240.699951171875,2270.0,2222.0,2244.89990234375,394089
2025-08-18,HYUNDAI,2400.475830078125,2423.39990234375,2464.699951171875,2301.199951171875,2301.199951171875,3328807
2025-08-19,HYUNDAI,2556.88232421875,2581.300048828125,2624.5,2402.39990234375,2423.39990234375,3045870
2025-08-20,HYUNDAI,2464.56396484375,2488.10009765625,2581.0,2470.5,2581.0,1864892
2025-08-21,HYUNDAI,2425.53662109375,2448.699951171875,2533.60009765625,2442.0,2488.10009765625,959820
2025-08-22,HYUNDAI,2344.21337890625,2366.60009765625,2494.0,2360.800048828125,2458.0,694898
2025-08-25,HYUNDAI,2449.012451171875,2472.39990234375,2485.10009765625,2367.0,2384.0,1361409
2025-08-26,HYUNDAI,2468.8232421875,2492.39990234375,2505.60009765625,2405.0,2472.39990234375,1408919
2025-08-28,HYUNDAI,2418.3056640625,2441.39990234375,2571.0,2426.0,2501.0,1255596
2025-08-29,HYUNDAI,2437.1259765625,2460.39990234375,2494.0,2438.800048828125,2452.60009765625,595068
2025-09-01,HYUNDAI,2432.37158203125,2455.60009765625,2499.5,2440.0,2472.0,534299
2025-09-02,HYUNDAI,2433.658935546875,2456.89990234375,2474.300048828125,2430.0,2458.89990234375,458431
2025-09-03,HYUNDAI,2491.30859375,2515.10009765625,2531.89990234375,2462.10009765625,2472.0,1068759
2025-09-04,HYUNDAI,2455.84716796875,2479.300048828125,2565.0,2464.5,2560.0,833934
2025-09-05,HYUNDAI,2517.656982421875,2541.699951171875,2549.60009765625,2462.10009765625,2490.0,560115
2025-09-08,HYUNDAI,2533.208251953125,2557.39990234375,2620.10009765625,2521.800048828125,2560.10009765625,753818
2025-09-09,HYUNDAI,2508.345947265625,2532.300048828125,2615.0,2512.10009765625,2557.5,724325
2025-09-10,HYUNDAI,2477.837158203125,2501.5,2547.800048828125,2473.5,2543.800048828125,867599
2025-09-11,HYUNDAI,2484.07763671875,2507.800048828125,2519.5,2485.0,2501.5,511980
2025-09-12,HYUNDAI,2536.477294921875,2560.699951171875,2567.199951171875,2501.800048828125,2520.0,591270
2025-09-15,HYUNDAI,2525.482421875,2549.60009765625,2570.0,2525.0,2560.699951171875,301727
2025-09-16,HYUNDAI,2578.476318359375,2603.10009765625,2629.0,2537.0,2555.60009765625,943285
2025-09-17,HYUNDAI,2625.823974609375,2650.89990234375,2660.0,2560.5,2615.0,1017291
2025-09-18,HYUNDAI,2695.062744140625,2720.800048828125,2734.800048828125,2635.0,2655.0,1234632
2025-09-19,HYUNDAI,2782.7255859375,2809.300048828125,2849.5,2679.199951171875,2720.89990234375,1334406
2025-09-22,HYUNDAI,2695.9541015625,2721.699951171875,2890.0,2711.0,2819.0,1008073
2025-09-23,HYUNDAI,2695.756103515625,2721.5,2845.0,2694.0,2830.0,1768867
2025-09-24,HYUNDAI,2729.632568359375,2755.699951171875,2771.0,2701.0,2725.10009765625,680435
2025-09-25,HYUNDAI,2711.01025390625,2736.89990234375,2766.800048828125,2705.10009765625,2757.89990234375,390752
2025-09-26,HYUNDAI,2614.234619140625,2639.199951171875,2725.39990234375,2626.0,2710.0,725805
2025-09-29,HYUNDAI,2617.008056640625,2642.0,2706.0,2634.800048828125,2645.89990234375,558054
2025-09-30,HYUNDAI,2559.952880859375,2584.39990234375,2687.5,2578.0,2655.199951171875,528479
2025-10-01,HYUNDAI,2513.199462890625,2537.199951171875,2607.699951171875,2507.0,2589.0,739566
2025-10-03,HYUNDAI,2483.879638671875,2507.60009765625,2591.89990234375,2496.300048828125,2549.699951171875,1092062
2025-10-06,HYUNDAI,2457.3330078125,2480.800048828125,2528.0,2473.699951171875,2506.0,711248
2025-10-07,HYUNDAI,2431.1826171875,2454.39990234375,2481.199951171875,2428.89990234375,2478.0,1268473
2025-10-08,HYUNDAI,2450.3994140625,2473.800048828125,2549.5,2455.10009765625,2455.10009765625,1727243
2025-10-09,HYUNDAI,2386.01416015625,2408.800048828125,2486.89990234375,2391.199951171875,2480.0,1300812
2025-10-10,HYUNDAI,2382.447998046875,2405.199951171875,2420.0,2390.0,2414.89990234375,605053
2025-10-13,HYUNDAI,2361.349609375,2383.89990234375,2419.0,2376.0,2400.0,1022665
2025-10-14,HYUNDAI,2389.084716796875,2411.89990234375,2424.89990234375,2373.699951171875,2410.89990234375,759272
2025-10-15,HYUNDAI,2396.712158203125,2419.60009765625,2480.0,2386.0,2435.0,2093463
2025-10-16,HYUNDAI,2335.892822265625,2358.199951171875,2471.699951171875,2347.5,2470.0,1694312
2025-10-17,HYUNDAI,2324.6005859375,2346.800048828125,2372.39990234375,2305.10009765625,2369.89990234375,1594803
2025-10-20,HYUNDAI,2301.223876953125,2323.199951171875,2377.0,2320.0,2360.0,896819
2025-10-21,HYUNDAI,2320.83642578125,2343.0,2348.800048828125,2327.0,2345.0,104512
2025-10-23,HYUNDAI,2270.715087890625,2292.39990234375,2348.0,2288.0,2347.699951171875,1209309
2025-10-24,HYUNDAI,2245.25830078125,2266.699951171875,2310.5,2255.60009765625,2299.800048828125,1324357
2025-10-27,HYUNDAI,2251.498779296875,2273.0,2293.10009765625,2247.10009765625,2275.10009765625,744027
2025-10-28,HYUNDAI,2276.95556640625,2298.699951171875,2311.0,2262.800048828125,2280.0,1008960
2025-10-29,HYUNDAI,2335.3974609375,2357.699951171875,2369.89990234375,2286.60009765625,2310.199951171875,1457979
2025-10-30,HYUNDAI,2390.86767578125,2413.699951171875,2428.699951171875,2331.0,2369.39990234375,2346694
2025-10-31,HYUNDAI,2415.631103515625,2438.699951171875,2462.0,2388.5,2419.89990234375,2036681
2025-11-03,HYUNDAI,2404.43798828125,2427.39990234375,2468.0,2405.300048828125,2440.0,1223620
2025-11-04,HYUNDAI,2372.44384765625,2395.10009765625,2426.5,2375.0,2419.0,733604
2025-11-06,HYUNDAI,2331.13818359375,2353.39990234375,2401.89990234375,2345.300048828125,2395.10009765625,816182
2025-11-07,HYUNDAI,2304.1953125,2326.199951171875,2340.39990234375,2321.800048828125,2340.39990234375,605839
2025-11-10,HYUNDAI,2333.91162109375,2356.199951171875,2374.0,2327.60009765625,2348.10009765625,549214
2025-11-11,HYUNDAI,2333.713623046875,2356.0,2363.0,2331.0,2358.10009765625,438339
2025-11-12,HYUNDAI,2372.3447265625,2395.0,2408.60009765625,2352.199951171875,2363.0,417388
2025-11-13,HYUNDAI,2392.353515625,2415.199951171875,2444.89990234375,2398.60009765625,2400.0,541055
2025-11-14,HYUNDAI,2333.812744140625,2356.10009765625,2429.800048828125,2351.199951171875,2415.199951171875,442916
2025-11-17,HYUNDAI,2356.099853515625,2378.60009765625,2393.0,2338.0,2367.800048828125,636749
2025-11-18,HYUNDAI,2367.19384765625,2389.800048828125,2417.0,2375.0,2388.0,647065
2025-11-19,HYUNDAI,2398.19775390625,2421.10009765625,2430.0,2353.89990234375,2389.800048828125,572457
2025-11-20,HYUNDAI,2315.1904296875,2337.300048828125,2463.5,2330.0,2435.60009765625,1146548
2025-11-21,HYUNDAI,2313.8037109375,2335.89990234375,2350.0,2275.10009765625,2337.300048828125,1135066
2025-11-24,HYUNDAI,2282.6015625,2304.39990234375,2348.800048828125,2286.10009765625,2335.800048828125,1061367
2025-11-25,HYUNDAI,2279.035888671875,2300.800048828125,2338.89990234375,2281.0,2305.199951171875,681099
2025-11-26,HYUNDAI,2284.8798828125,2306.699951171875,2320.0,2275.0,2304.0,1069176
2025-11-27,HYUNDAI,2293.5966796875,2315.5,2324.0,2285.699951171875,2324.0,529127
2025-11-28,HYUNDAI,2303.997314453125,2326.0,2336.300048828125,2297.0,2320.0,402098
2025-12-01,HYUNDAI,2373.0380859375,2395.699951171875,2420.0,2313.5,2326.0,1260497
2025-12-02,HYUNDAI,2359.962890625,2382.5,2416.699951171875,2345.10009765625,2393.10009765625,682427
2025-12-03,HYUNDAI,2362.63720703125,2385.199951171875,2393.10009765625,2335.0,2382.5,544340
2025-12-04,HYUNDAI,2350.354736328125,2372.800048828125,2401.89990234375,2361.0,2377.60009765625,629392
2025-12-05,HYUNDAI,2287.6533203125,2309.5,2372.0,2304.0,2372.0,1127232
2025-12-08,HYUNDAI,2253.479736328125,2275.0,2310.89990234375,2255.60009765625,2309.5,824135
2025-12-09,HYUNDAI,2260.41357421875,2282.0,2289.0,2256.699951171875,2265.0,1128328
2025-12-10,HYUNDAI,2292.01171875,2313.89990234375,2337.0,2266.89990234375,2275.0,690630
2025-12-11,HYUNDAI,2320.143310546875,2342.300048828125,2347.800048828125,2296.800048828125,2320.0,498012
2025-12-12,HYUNDAI,2320.0439453125,2342.199951171875,2350.89990234375,2305.199951171875,2342.0,555604
2025-12-15,HYUNDAI,2275.667724609375,2297.39990234375,2330.10009765625,2280.300048828125,2323.39990234375,1038922
2025-12-16,HYUNDAI,2247.2392578125,2268.699951171875,2311.0,2260.0,2299.89990234375,580654
2025-12-17,HYUNDAI,2264.771728515625,2286.39990234375,2312.0,2262.60009765625,2270.699951171875,463234
2025-12-18,HYUNDAI,2267.54541015625,2289.199951171875,2308.0,2254.0,2284.0,317671
2025-12-19,HYUNDAI,2295.379638671875,2317.300048828125,2322.89990234375,2281.5,2295.0,888944
2025-12-22,HYUNDAI,2299.24267578125,2321.199951171875,2324.89990234375,2294.699951171875,2310.0,457586
2025-12-23,HYUNDAI,2292.606201171875,2314.5,2324.5,2304.0,2311.0,399767
2025-12-24,HYUNDAI,2286.068359375,2307.89990234375,2321.0,2304.60009765625,2306.0,458440
2025-12-26,HYUNDAI,2299.143798828125,2321.10009765625,2324.800048828125,2302.300048828125,2305.0,373276
2025-12-29,HYUNDAI,2299.341796875,2321.300048828125,2329.0,2297.199951171875,2313.10009765625,712971
2025-12-30,HYUNDAI,2279.828369140625,2301.60009765625,2319.89990234375,2297.10009765625,2319.5,611992
2025-12-31,HYUNDAI,2276.26220703125,2298.0,2305.300048828125,2288.89990234375,2302.0,717988
2026-01-01,HYUNDAI,2288.941162109375,2310.800048828125,2314.800048828125,2283.300048828125,2305.0,386894
2026-01-02,HYUNDAI,2246.44677734375,2267.89990234375,2284.0,2246.199951171875,2284.0,1170152
2026-01-05,HYUNDAI,2260.017333984375,2281.60009765625,2284.300048828125,2251.0,2267.800048828125,365614
2026-01-06,HYUNDAI,2284.8798828125,2306.699951171875,2309.89990234375,2266.10009765625,2289.0,330942
2026-01-07,HYUNDAI,2339.65673828125,2362.0,2366.800048828125,2291.699951171875,2313.0,476034
2026-01-08,HYUNDAI,2328.265625,2350.5,2362.0,2330.0,2362.0,269584
2026-01-09,HYUNDAI,2242.781982421875,2264.199951171875,2342.699951171875,2256.39990234375,2330.10009765625,894994
2026-01-12,HYUNDAI,2274.0830078125,2295.800048828125,2303.0,2232.60009765625,2264.10009765625,402131
2026-01-13,HYUNDAI,2284.582763671875,2306.39990234375,2319.39990234375,2271.0,2295.0,310830
2026-01-14,HYUNDAI,2295.181640625,2317.10009765625,2322.10009765625,2282.10009765625,2300.0,196437
2026-01-15,HYUNDAI,2295.181640625,2317.10009765625,2317.10009765625,2317.10009765625,2317.10009765625,0
2026-01-16,HYUNDAI,2318.260986328125,2340.39990234375,2349.89990234375,2300.0,2300.0,560753
2026-01-19,HYUNDAI,2324.204345703125,2346.39990234375,2354.0,2302.0,2325.0,609576
2026-01-20,HYUNDAI,2297.16259765625,2319.10009765625,2339.0,2282.0,2327.0,643890
2026-01-21,HYUNDAI,2258.13525390625,2279.699951171875,2312.89990234375,2240.10009765625,2300.0,830818
2026-01-22,HYUNDAI,2256.25341796875,2277.800048828125,2297.89990234375,2255.199951171875,2281.0,692974
2026-01-23,HYUNDAI,2241.791259765625,2263.199951171875,2289.5,2241.0,2278.0,569772
2026-01-27,HYUNDAI,2152.8408203125,2173.39990234375,2267.0,2162.199951171875,2261.800048828125,1084057
2026-01-28,HYUNDAI,2140.6572265625,2161.10009765625,2182.800048828125,2128.10009765625,2169.89990234375,1042883
2026-01-29,HYUNDAI,2129.662109375,2150.0,2158.5,2113.39990234375,2152.0,576734
2026-01-30,HYUNDAI,2175.425048828125,2196.199951171875,2225.0,2125.0,2139.300048828125,718522
2026-02-02,HYUNDAI,2177.109130859375,2197.89990234375,2210.0,2125.0,2183.39990234375,745805
2026-02-03,HYUNDAI,2187.906005859375,2208.800048828125,2250.0,2159.10009765625,2197.89990234375,1065898
2026-02-04,HYUNDAI,2169.085693359375,2189.800048828125,2220.0,2167.0,2220.0,883166
2026-02-05,HYUNDAI,2143.826904296875,2164.300048828125,2189.800048828125,2149.10009765625,2189.800048828125,495337
2026-02-06,HYUNDAI,2165.618896484375,2186.300048828125,2190.0,2152.0,2174.300048828125,259819
2026-02-09,HYUNDAI,2155.6142578125,2176.199951171875,2196.39990234375,2162.800048828125,2193.0,348258
2026-02-10,HYUNDAI,2160.1708984375,2180.800048828125,2192.10009765625,2163.0,2178.0,300261
2026-02-11,HYUNDAI,2167.798095703125,2188.5,2200.699951171875,2166.199951171875,2180.800048828125,440771
2026-02-12,HYUNDAI,2156.902099609375,2177.5,2189.89990234375,2144.0,2188.5,422600
2026-02-13,HYUNDAI,2158.883056640625,2179.5,2186.0,2136.39990234375,2163.10009765625,282874
2026-02-16,HYUNDAI,2144.91650390625,2165.39990234375,2170.89990234375,2153.300048828125,2161.0,287149
2026-02-17,HYUNDAI,2170.472412109375,2191.199951171875,2195.10009765625,2152.60009765625,2161.10009765625,177342
2026-02-18,HYUNDAI,2206.5283203125,2227.60009765625,2241.0,2167.300048828125,2181.0,279463
2026-02-19,HYUNDAI,2160.368896484375,2181.0,2225.60009765625,2165.0,2225.60009765625,125825
2026-02-20,HYUNDAI,2271.70556640625,2293.39990234375,2366.5,2162.0,2168.0,900572
2026-02-23,HYUNDAI,2263.18701171875,2284.800048828125,2301.300048828125,2223.89990234375,2275.0,381758
2026-02-24,HYUNDAI,2139.468505859375,2159.89990234375,2265.5,2152.300048828125,2262.0,673838
2026-02-25,HYUNDAI,2185.627685546875,2206.5,2213.60009765625,2152.10009765625,2170.0,667797
2026-02-26,HYUNDAI,2173.444091796875,2194.199951171875,2200.39990234375,2177.10009765625,2195.5,479052
2026-02-27,HYUNDAI,2144.91650390625,2165.39990234375,2179.89990234375,2141.0,2175.60009765625,585338
2026-03-02,HYUNDAI,2127.68115234375,2148.0,2152.60009765625,2095.5,2105.0,407134
2026-03-04,HYUNDAI,2058.739501953125,2078.39990234375,2105.0,2067.39990234375,2100.89990234375,939041
2026-03-05,HYUNDAI,2114.209716796875,2134.39990234375,2140.0,2065.0,2084.89990234375,543896
2026-03-06,HYUNDAI,2074.389892578125,2094.199951171875,2137.10009765625,2075.0,2125.0,464793
2026-03-09,HYUNDAI,2064.484619140625,2084.199951171875,2094.10009765625,2009.0,2045.0,769361
2026-03-10,HYUNDAI,2079.93701171875,2099.800048828125,2124.89990234375,2081.0,2092.60009765625,294807
2026-03-11,HYUNDAI,2000.79296875,2019.9000244140625,2100.0,2003.9000244140625,2099.800048828125,805485
2026-03-12,HYUNDAI,1975.8311767578125,1994.699951171875,2008.9000244140625,1969.0999755859375,2006.0,548695
2026-03-13,HYUNDAI,1998.910888671875,2018.0,2024.0,1981.199951171875,1984.800048828125,383959
2026-03-16,HYUNDAI,1945.3226318359375,1963.9000244140625,2009.0,1930.300048828125,2004.0,1324044
2026-03-17,HYUNDAI,1952.553466796875,1971.199951171875,1982.699951171875,1933.300048828125,1963.9000244140625,327974
2026-03-18,HYUNDAI,1971.572021484375,1990.4000244140625,1997.5,1956.699951171875,1975.0999755859375,340055
2026-03-19,HYUNDAI,1933.0399169921875,1951.5,1969.5999755859375,1948.0,1960.0,166852
2026-03-20,HYUNDAI,1932.544677734375,1951.0,1979.5,1942.300048828125,1954.9000244140625,678486
2026-03-23,HYUNDAI,1849.83447265625,1867.5,1940.9000244140625,1860.0,1940.0,371722
2026-03-24,HYUNDAI,1841.91015625,1859.5,1887.0,1826.0,1882.5999755859375,620467
2026-03-25,HYUNDAI,1867.6641845703125,1885.5,1906.9000244140625,1871.4000244140625,1875.0,500049
2026-03-27,HYUNDAI,1799.5150146484375,1816.699951171875,1863.199951171875,1801.0,1862.0,1273173
2026-03-30,HYUNDAI,1761.18115234375,1778.0,1797.0,1734.0999755859375,1785.0999755859375,1078720
2026-04-01,HYUNDAI,1699.9656982421875,1716.199951171875,1828.800048828125,1699.0,1828.0,4291001
2026-04-02,HYUNDAI,1695.3101806640625,1711.5,1719.9000244140625,1660.0999755859375,1715.0,1163380
2026-04-06,HYUNDAI,1675.400390625,1691.4000244140625,1719.9000244140625,1658.0,1719.0,2769348
2026-04-07,HYUNDAI,1689.961181640625,1706.0999755859375,1713.9000244140625,1681.199951171875,1691.199951171875,1606499
2026-04-08,HYUNDAI,1762.0726318359375,1778.9000244140625,1798.0,1743.300048828125,1762.0,1300847
2026-04-09,HYUNDAI,1751.5728759765625,1768.300048828125,1823.800048828125,1755.0,1778.9000244140625,1336988
2026-04-10,HYUNDAI,1779.4071044921875,1796.4000244140625,1809.5,1771.0,1777.9000244140625,558353
2026-04-13,HYUNDAI,1729.681884765625,1746.199951171875,1772.5,1731.0999755859375,1759.300048828125,930129
2026-04-15,HYUNDAI,1764.5489501953125,1781.4000244140625,1808.800048828125,1766.4000244140625,1774.0,1093994
2026-04-16,HYUNDAI,1834.9764404296875,1852.5,1869.0,1777.0999755859375,1797.0,1528435
2026-04-17,HYUNDAI,1884.8006591796875,1902.800048828125,1921.699951171875,1846.300048828125,1859.9000244140625,1667502
2026-04-20,HYUNDAI,1868.1595458984375,1886.0,1903.5,1860.199951171875,1887.0999755859375,778083
2026-04-21,HYUNDAI,1867.8623046875,1885.699951171875,1907.0,1881.300048828125,1899.0,584052
2026-04-22,HYUNDAI,1832.0047607421875,1849.5,1880.9000244140625,1845.199951171875,1880.0,549604
2026-04-23,HYUNDAI,1826.7548828125,1844.199951171875,1859.9000244140625,1817.0,1846.9000244140625,876210
2026-04-24,HYUNDAI,1766.7281494140625,1783.5999755859375,1853.199951171875,1772.199951171875,1848.699951171875,1088815
2026-04-27,HYUNDAI,1820.21728515625,1837.5999755859375,1846.199951171875,1790.0,1794.9000244140625,566304
2026-04-28,HYUNDAI,1807.9345703125,1825.199951171875,1867.800048828125,1815.0,1839.9000244140625,1506146
2026-04-29,HYUNDAI,1800.20849609375,1817.4000244140625,1855.0,1810.699951171875,1824.800048828125,737246
2026-04-30,HYUNDAI,1800.406494140625,1817.5999755859375,1830.0,1795.800048828125,1815.5,524769
2026-05-01,HYUNDAI,1800.406494140625,1817.5999755859375,1817.5999755859375,1817.5999755859375,1817.5999755859375,0
2026-05-04,HYUNDAI,1827.0521240234375,1844.5,1862.800048828125,1818.0999755859375,1840.0,617328
2026-05-05,HYUNDAI,1805.2601318359375,1822.5,1840.4000244140625,1797.800048828125,1829.699951171875,685951
2026-05-06,HYUNDAI,1822.49560546875,1839.9000244140625,1856.9000244140625,1810.199951171875,1834.0,604937
2026-05-07,HYUNDAI,1818.4344482421875,1835.800048828125,1859.9000244140625,1828.5,1859.9000244140625,613158
2026-05-08,HYUNDAI,1835.2735595703125,1852.800048828125,1863.9000244140625,1830.0,1844.0,846450
2026-05-11,HYUNDAI,1888.86181640625,1906.9000244140625,1944.0,1850.5,1853.0999755859375,4007728
2026-05-12,HYUNDAI,1860.1361083984375,1877.9000244140625,1929.9000244140625,1860.0,1903.5,1395049
2026-05-13,HYUNDAI,1835.867919921875,1853.4000244140625,1886.199951171875,1804.5,1824.0,1818185
2026-05-14,HYUNDAI,1825.7642822265625,1843.199951171875,1872.0,1815.699951171875,1857.9000244140625,536537
2026-05-15,HYUNDAI,1807.9345703125,1825.199951171875,1859.9000244140625,1819.5999755859375,1843.199951171875,694646
2026-05-18,HYUNDAI,1765.0443115234375,1781.9000244140625,1808.0999755859375,1766.0999755859375,1807.0,1409253
2026-05-19,HYUNDAI,1763.45947265625,1780.300048828125,1804.0999755859375,1765.0999755859375,1782.0,2221557
2026-05-20,HYUNDAI,1770.4921875,1787.4000244140625,1805.0999755859375,1760.0,1792.699951171875,1022345
2026-05-21,HYUNDAI,1827.745361328125,1845.199951171875,1854.300048828125,1792.0999755859375,1797.9000244140625,1864385
2026-05-22,HYUNDAI,1831.11328125,1848.5999755859375,1858.800048828125,1821.5999755859375,1850.0999755859375,1736999
2026-05-25,HYUNDAI,1863.1077880859375,1880.9000244140625,1905.0,1859.0,1859.0,1407989
2026-05-26,HYUNDAI,1866.178466796875,1884.0,1892.800048828125,1847.0,1873.9000244140625,1178217
2026-05-27,HYUNDAI,1895.4984130859375,1913.5999755859375,1928.199951171875,1881.5999755859375,1891.0999755859375,1149660
2026-05-28,HYUNDAI,1895.4984130859375,1913.5999755859375,1913.5999755859375,1913.5999755859375,1913.5999755859375,0
2026-05-29,HYUNDAI,1905.800048828125,1924.0,2004.5999755859375,1890.300048828125,1902.0999755859375,20806845
2026-06-01,HYUNDAI,1864.5936279296875,1882.4000244140625,1977.0,1867.5999755859375,1943.699951171875,1089446
2026-06-02,HYUNDAI,1854.0938720703125,1871.800048828125,1892.699951171875,1847.0999755859375,1870.800048828125,2292056
2026-06-03,HYUNDAI,1848.744873046875,1866.4000244140625,1894.0,1861.199951171875,1871.699951171875,1395924
2026-06-04,HYUNDAI,1914.12060546875,1932.4000244140625,1949.0,1850.0,1850.0,2040045
2026-06-05,HYUNDAI,1895.4984130859375,1913.5999755859375,1948.0,1905.0,1929.0,1116924
2026-06-08,HYUNDAI,1876.777099609375,1894.699951171875,1907.4000244140625,1869.0,1890.0,519402
2026-06-09,HYUNDAI,1880.6402587890625,1898.5999755859375,1920.0,1878.699951171875,1902.300048828125,482035
2026-06-10,HYUNDAI,1873.1121826171875,1891.0,1919.0,1885.0,1894.4000244140625,1304593
2026-06-11,HYUNDAI,1921.7476806640625,1940.0999755859375,1951.0,1863.0,1885.0,933453
2026-06-12,HYUNDAI,1971.2747802734375,1990.0999755859375,1997.800048828125,1955.199951171875,1960.0,1206561
2026-06-15,HYUNDAI,2010.8963623046875,2030.0999755859375,2059.0,2008.199951171875,2020.0999755859375,614937
2026-06-16,HYUNDAI,1956.0203857421875,1974.699951171875,2040.4000244140625,1971.0999755859375,2040.0,577027
2026-06-17,HYUNDAI,1958.00146484375,1976.699951171875,1987.800048828125,1963.800048828125,1980.0,401381
2026-06-18,HYUNDAI,1957.9024658203125,1976.5999755859375,1991.199951171875,1964.0999755859375,1981.5999755859375,555931
2026-06-19,HYUNDAI,1954.5345458984375,1973.199951171875,1981.5,1957.0999755859375,1965.0,294293
2026-06-22,HYUNDAI,1970.086181640625,1988.9000244140625,2006.5999755859375,1975.0,1975.0,418940
2026-06-23,HYUNDAI,1950.275390625,1968.9000244140625,1989.0,1953.0999755859375,1988.9000244140625,467187
2026-06-24,HYUNDAI,1923.827880859375,1942.199951171875,1981.5,1925.699951171875,1968.9000244140625,681759
2026-06-25,HYUNDAI,1950.7706298828125,1969.4000244140625,1984.0,1946.5999755859375,1947.9000244140625,742118
2026-06-26,HYUNDAI,1950.7706298828125,1969.4000244140625,1969.4000244140625,1969.4000244140625,1969.4000244140625,0
2026-06-29,HYUNDAI,1874.697021484375,1892.5999755859375,1978.699951171875,1884.300048828125,1960.0,727120
2026-06-30,HYUNDAI,1887.47509765625,1905.5,1924.0,1882.300048828125,1901.0,450903
2026-07-01,HYUNDAI,1900.154052734375,1918.300048828125,1937.800048828125,1902.0,1910.9000244140625,806588
2026-07-02,HYUNDAI,1932.2474365234375,1950.699951171875,1961.0,1907.0999755859375,1924.9000244140625,355092
2026-07-03,HYUNDAI,1974.5435791015625,1993.4000244140625,2000.0,1953.5999755859375,1957.0,421007
2026-07-06,HYUNDAI,1985.4395751953125,2004.4000244140625,2015.0,1973.9000244140625,1993.4000244140625,581308
2026-07-07,HYUNDAI,1961.765625,1980.5,2005.0999755859375,1972.0,2000.0,472253
2026-07-08,HYUNDAI,1898.7672119140625,1916.9000244140625,1970.0,1904.0999755859375,1968.800048828125,918256
2026-07-09,HYUNDAI,1907.9791259765625,1926.199951171875,1937.5,1895.4000244140625,1916.4000244140625,581310
2026-07-10,HYUNDAI,1966.1240234375,1984.9000244140625,1996.0,1931.0999755859375,1936.9000244140625,366401
2026-07-13,HYUNDAI,1975.5341796875,1994.4000244140625,2000.0999755859375,1943.5,1955.0,450442
2026-07-14,HYUNDAI,1941.162353515625,1959.699951171875,1994.699951171875,1948.199951171875,1968.0,351452
2026-07-15,HYUNDAI,1983.9537353515625,2002.9000244140625,2044.0,1980.699951171875,1995.0,1834296
2026-07-16,HYUNDAI,2005.8446044921875,2025.0,2064.800048828125,1986.0999755859375,2001.9000244140625,1402890
2026-07-17,HYUNDAI,1974.444580078125,1993.300048828125,2027.199951171875,1975.5,2016.0,740338
2026-07-20,HYUNDAI,1953.6431884765625,1972.300048828125,2004.9000244140625,1970.0,1990.0,329722
2026-07-21,HYUNDAI,1940.07275390625,1958.5999755859375,1975.0,1938.4000244140625,1972.5999755859375,847936
2026-07-22,HYUNDAI,1927.1956787109375,1945.5999755859375,1970.699951171875,1938.5999755859375,1951.0999755859375,275857
2026-07-23,HYUNDAI,1935.9124755859375,1954.4000244140625,1990.0,1941.0,1949.5,574331
2026-07-24,HYUNDAI,1934.1295166015625,1952.5999755859375,1975.0,1927.5,1949.800048828125,917025
2026-07-27,HYUNDAI,1965.8267822265625,1984.5999755859375,1993.699951171875,1959.800048828125,1963.0,338046
2026-07-28,HYUNDAI,1982.963134765625,2001.9000244140625,2009.5,1977.0,1983.300048828125,576278
2026-07-29,HYUNDAI,1974.04833984375,1992.9000244140625,2011.9000244140625,1971.0,2000.0,327236
2026-07-30,HYUNDAI,1999.10888671875,2018.199951171875,2047.800048828125,1980.0999755859375,1992.0,735778
2026-07-31,HYUNDAI,2160.07177734375,2180.699951171875,2208.0,2090.0,2099.0,5531547
2026-08-03,HYUNDAI,2186.123046875,2207.0,2247.60009765625,2200.0,2212.10009765625,1774484
2026-08-04,HYUNDAI,2199.0,2220.0,2241.0,2198.5,2208.0,760246
2026-08-05,HYUNDAI,2218.5,2218.5,2226.60009765625,2192.800048828125,2213.0,391896
2026-08-06,HYUNDAI,2212.0,2212.0,2233.0,2181.60009765625,2208.199951171875,694415
2026-08-07,HYUNDAI,2200.5,2200.5,2215.199951171875,2196.0,2209.10009765625,279115
2026-08-10,HYUNDAI,2223.0,2223.0,2251.5,2193.699951171875,2193.699951171875,524344
2026-08-11,HYUNDAI,2200.0,2200.0,2237.0,2200.0,2223.0,439174
2026-08-12,HYUNDAI,2240.0,2240.0,2245.0,2192.699951171875,2192.699951171875,732935
2026-08-13,HYUNDAI,2237.10009765625,2237.10009765625,2273.89990234375,2219.5,2242.0,618381
2026-08-14,HYUNDAI,2199.0,2199.0,2255.0,2191.60009765625,2225.0,629978
2026-08-17,HYUNDAI,2190.0,2190.0,2209.60009765625,2172.39990234375,2198.60009765625,636057
2026-08-18,HYUNDAI,2186.0,2186.0,2221.89990234375,2179.0,2179.10009765625,474077
2026-08-19,HYUNDAI,2174.5,2174.5,2218.800048828125,2160.10009765625,2185.0,810355
2026-08-20,HYUNDAI,2227.0,2227.0,2233.699951171875,2180.39990234375,2200.0,682793
2026-08-21,HYUNDAI,2218.800048828125,2218.800048828125,2251.699951171875,2211.10009765625,2222.0,820353
2026-08-24,HYUNDAI,2207.0,2207.0,2235.39990234375,2206.10009765625,2235.39990234375,496265
2026-08-25,HYUNDAI,2232.5,2232.5,2243.800048828125,2190.0,2206.0,672338
2026-08-26,HYUNDAI,2250.0,2250.0,2279.0,2232.300048828125,2240.0,1075225
2026-08-27,HYUNDAI,2253.0,2253.0,2281.0,2247.0,2247.0,928582
2026-08-28,HYUNDAI,2267.0,2267.0,2279.0,2240.300048828125,2248.699951171875,855357
